Unnamed: 0,Quarter end,Assets,Current Assets,Liabilities,Current Liabilities,Shareholders equity,Revenue,Earnings,Earnings available for common stockholders,EPS basic,EPS diluted,Cash from operating activities,Cash from investing activities,Cash from financing activities,Cash change during period,Cash at end of period,Price,ROE,ROA,Book value of equity per share,P/B ratio,P/E ratio,Cumulative dividends per share,Equity to assets ratio,Net margin,Asset turnover,Current ratio
0,1994-11-30,0.1723181241852949,0.02003775274977193,0.5678615582202058,0.5444514249619903,0.030676142014161467,0.06733216543645247,0.12255854201250305,0.12255854201250305,0.11206896551724156,0.0,-3.4964075205438196,-0.864733676392717,-1.4032253059282322,-0.9120642936728224,-0.5554939068494154,0.12886597938144329,0.046454767726161306,0.03173575129533668,0.03749999999999987,0.04379562043795615,0.010211524434719177,1.5601638504864312,-0.12073882928154278,0.007017543859648923,0.022099447513812098,-0.33954315671222624
1,1995-02-28,0.1723181241852949,0.02003775274977193,0.5678615582202058,0.5444514249619903,0.030676142014161467,0.06733216543645247,0.12255854201250305,0.12255854201250305,0.11206896551724156,0.0,-3.4964075205438196,-0.864733676392717,-1.4032253059282322,-0.9120642936728224,-0.5554939068494154,0.12886597938144329,0.046454767726161306,0.03173575129533668,0.03749999999999987,0.04379562043795615,0.010211524434719177,1.5601638504864312,-0.12073882928154278,0.007017543859648923,0.022099447513812098,-0.33954315671222624
2,1995-05-31,0.06054398881259715,0.06560803515484404,0.12734141892810058,0.22091933698734034,0.0241572562211112,0.0,0.0,0.0,0.0,0.0,-3.4964075205438196,-0.864733676392717,-1.4032253059282322,-0.9120642936728224,-0.10989219228249993,0.08219178082191791,0.046454767726161306,0.03173575129533668,0.03614457831325302,0.04379562043795615,0.010211524434719177,0.0,-0.03429101019462466,0.007017543859648923,0.022099447513812098,-0.12719111741081968
3,1995-08-31,0.057488278559030485,0.07683505968929505,0.03605006892711393,0.03407115802209404,0.07034293977316519,0.4356302186277728,0.7281880250448354,0.7281880250448354,0.7519379844961238,0.0,0.13943368261409073,-0.20709326641572567,0.6125291808829942,0.40632028789923536,-0.1736234848730278,0.1518987341772151,0.046454767726161306,0.03173575129533668,0.06976744186046524,0.10839160839160833,0.010211524434719177,0.0,0.011996161228406963,0.007017543859648923,0.022099447513812098,0.04135765712120398
4,1995-11-30,0.0264778769795897,0.03340116116774028,-0.005533684275209394,0.002273699651610617,0.045057494658543806,-0.10629059318774547,-0.2825871914844551,-0.2825871914844551,-0.6460176991150441,0.0,-1.1581498763508762,-0.006941514051818754,-1.8249626141461708,-1.7002532320405168,0.14712471157507995,0.2380952380952381,0.046454767726161306,0.03173575129533668,0.04347826086956519,0.1577287066246056,0.010211524434719177,0.5,0.01817607080764972,0.007017543859648923,0.022099447513812098,0.03103394500181955
5,1996-02-29,0.0677405520820844,0.09705083730323616,0.11749662827666828,0.13384657201051686,0.04025996954918054,0.03366811570400285,-0.03778676321310148,-0.03778676321310148,-0.025000000000000026,0.0,-2.6007077276205046,0.05626022478594338,-0.3395686089228722,1.0811191473163304,0.2669143565758254,0.1952662721893492,0.046454767726161306,0.03173575129533668,0.04166666666666674,0.14713896457765666,0.010211524434719177,0.3333333333333335,-0.025768394908413428,0.007017543859648923,0.022099447513812098,-0.03241907835030755
6,1996-05-31,0.08486579561752028,0.09179311446543603,0.12079387489540205,0.12719504146328164,0.06354918532237375,0.288095890952802,0.3753439590677721,0.3753439590677721,0.35897435897435903,0.0,4.533548425643783,0.7259780750276577,-2.4639676468011804,-0.9520769695085146,0.010096455835712836,0.31188118811881194,0.046454767726161306,0.03173575129533668,0.06000000000000005,0.2589073634204275,0.010211524434719177,0.25,-0.01959847036328888,0.007017543859648923,0.022099447513812098,-0.03142097858371118
7,1996-08-31,0.12000117419959565,0.15283357902997508,0.1635623077590993,0.10902833492040886,0.09276466233445756,0.18767546366126092,0.4450090767303316,0.4450090767303316,0.4433962264150944,0.0,-0.8843977757382714,0.07913107322246438,-2.6291723594586776,50.90114503816793,0.5187797815479347,0.21886792452830184,0.046454767726161306,0.03173575129533668,0.08490566037735836,0.14905660377358498,0.010211524434719177,0.2,-0.024378352023403216,0.007017543859648923,0.022099447513812098,0.039487841618248254
8,1996-11-30,-0.001055847628963491,-0.023142098439168042,-0.094655375152639,-0.09924216814893584,0.06125863208463245,-0.07664227499051235,-0.2175986340091036,-0.2175986340091036,-0.607843137254902,0.0,3.838322514360435,0.1961186647515578,-1.803228412972417,-1.9601635522609773,-0.32796949494848004,0.11764705882352945,0.028426791277258667,0.028248587570621538,0.0608695652173914,0.031198686371100237,0.010211524434719177,0.16666666666666674,0.06246876561719161,0.002322880371660841,0.027027027027026973,0.08446330607597563
9,1997-02-28,0.11837314005050725,0.13987305581714615,0.2051620847658928,0.09436713516228123,0.06908159671795921,0.15026525438127725,0.34070401194083866,0.34070401194083866,0.3333333333333335,0.0,-1.6584075750702199,0.42196881461216895,-3.05959593650213,-1.25479458349928,0.12434681199398945,0.10803324099723,0.10450586898901926,0.09645909645909656,0.07377049180327866,0.04458598726114649,0.01119133574007236,0.2857142857142856,-0.04405769833803709,0.056778679026651124,0.03684210526315801,0.04161496611625458
10,1997-05-31,0.08427665400411488,0.09439194400799876,0.14267705422066926,0.1640287285335642,0.04688639803828098,-0.02051329235928645,-0.3431787224890673,-0.3431787224890673,-0.35,0.0,-4.90419714717136,-0.14009511533845953,-0.9584724000384824,3.3472510295488025,0.4807829761204252,-0.02749999999999997,-0.06307850531367852,-0.07461024498886426,0.03816793893129766,-0.09451219512195108,-0.17565155301677982,0.11111111111111116,-0.034607183860915214,-0.05043859649122817,-0.02538071065989856,-0.059836891780445274
11,1997-08-31,0.0492808802196969,0.04485816588656655,0.01564545434346809,-0.038199877123621495,0.0727860555579849,0.16519772478644068,0.6251910063304955,0.6251910063304955,0.6346153846153846,0.0,-0.4842161784640109,0.07771599878903346,-4.360420564911344,-1.2927257640713594,-0.09504266749883816,-0.06169665809768642,-0.026710574460299896,-0.02707581227436806,0.07352941176470584,-0.09595959595959602,-0.0580337808575141,0.09999999999999988,0.022426095820591296,-0.017321016166281792,-0.01041666666666663,0.08635477582845996
12,1997-11-30,-0.0430674233282824,-0.08163552862307501,-0.1397266720032787,-0.1671217603465358,0.02088234694682289,-0.1846741566371992,-0.4427803895231699,-0.4427803895231699,-0.4352941176470588,0.0,0.10432288405818202,0.04266412705372935,5.549689770377048,5.221972882316813,-0.6534594268731069,-0.1315068493150685,-0.09060150375939856,-0.08658008658008665,0.02054794520547953,-0.19180633147113602,-0.15816091954022993,0.09090909090909084,0.06679960119641071,-0.057579318448883636,-0.03157894736842093,0.10263771756684026
13,1998-02-28,0.04736324895878608,0.05904054924933332,0.17469639104822599,0.22816925518065,-0.023626851978032715,-0.013868393701513604,-0.4816127728661671,-0.4816127728661671,-0.4791666666666666,0.0,-1.8459312290694303,-0.20685236658978454,-1.9740339655486507,-1.0402200447226853,0.07584153028936336,-0.13406940063091474,-0.2294336502687061,-0.2335815842924848,-0.013422818791946293,-0.1520737327188939,-0.09503003823047508,0.16666666666666674,-0.06775700934579433,-0.1920199501246883,-0.04891304347826087,-0.13771358828315716
14,1998-05-31,-0.04269219629368248,-0.09258387806727507,-0.05642789170524221,-0.07238227563062538,-0.033478862684123034,0.0376525127079872,-1.9258595694630603,-1.9258595694630603,-1.96,0.0,-3.780269792161844,0.4594870010438932,-1.9446012277588207,-4.932320181234662,-0.27734894862922543,0.04007285974499086,-0.3637339055793992,-0.35954063604240283,-0.034013605442176915,0.05434782608695653,0.3126131563065781,0.0714285714285714,0.009690893901419972,-0.3549382716049383,-0.011428571428571456,-0.02175041283321544
15,1998-08-31,-0.017193463519472374,-0.03496008605559642,-0.08441801666822735,-0.10030520014086164,0.02682732401275456,0.08539372388672173,-3.4196050046530866,-3.4196050046530866,-3.375,1.2400000000000002,0.03400819021938695,-0.4436970305909868,-0.1041571333028266,-2.4210614753114568,0.5451197053406998,-0.04728546409807344,-0.22175379426644184,-0.2124137931034482,0.028169014084507005,-0.012886597938144284,0.4933333333333332,0.13333333333333353,0.04484527552540141,-0.20095693779904295,-0.011560693641618491,0.0726343204398574
16,1998-11-30,-0.01031180484862193,-0.03214924760200644,0.030120173868575906,0.025963859351555874,-0.03391956047893463,-0.2362663685723411,-0.5793650793650793,-0.5793650793650793,-0.5789473684210527,-0.5714285714285715,-0.1808078069937652,-0.010204081632653073,-0.5127701375245579,0.4662162162162162,0.5172824791418356,-0.10661764705882347,-0.2199349945828819,-0.22767075306479856,-0.020547945205479427,-0.13054830287206265,0.14008620689655182,0.0588235294117645,-0.023915109280962958,-0.2035928143712576,-0.0292397660818714,-0.05665467625899279
17,1999-02-28,0.008057296329453845,0.01294135475071978,0.009779586973788671,0.011636039931328224,0.006985010044815221,0.1378985886042865,0.8026124818577649,0.8026124818577649,0.8333333333333335,0.8333333333333335,-1.1886168100595629,0.10206185567010316,-1.3074596774193548,-2.4596774193548385,-0.49764336213668503,0.15843621399176944,0.2263888888888889,0.2358276643990929,0.013986013986013957,0.1831831831831832,0.5014852822036187,0.11111111111111116,-0.0011358104819080286,0.22180451127819567,0.012048192771084263,0.0012869399428023787
18,1999-05-31,-0.008408601337817956,-0.023128478247860684,-0.05948576766137359,-0.09057196731615336,0.023479942297658152,0.00252664461594998,-0.23913043478260865,-0.23913043478260865,-0.2272727272727272,-0.25,-7.085964912280701,0.07202993451824136,-6.632786885245903,-1.554064719810576,0.54886630179828,0.2895204262877442,0.551528878822197,0.5706422018348623,0.02068965517241384,0.2715736040609136,0.04460431654676245,0.049999999999999815,0.03216374269005828,0.5815384615384616,-0.011904761904761862,0.07416575427238548
19,1999-08-31,0.08700954703965548,0.05892982939753132,0.2290523234540797,0.24942981546755136,0.005517903196785134,0.1460844063602622,1.1185185185185187,1.1185185185185187,1.0882352941176467,1.1212121212121209,-0.08878639377342179,1.5165794066317626,-1.1123399301513388,-0.5997150997150997,0.14184755174154473,-0.045454545454545414,0.0802919708029195,0.060747663551401924,0.0135135135135136,-0.06586826347305386,-0.3920454545454545,0.09523809523809534,-0.07491344035253378,0.08171206225680927,-0.01807228915662651,-0.15249279858187448
20,1999-11-30,-0.025401889802429745,-0.0496630318456599,-0.0017862459065197676,-0.011616329239960144,-0.04196242171189979,-0.17648234776698254,-0.4630369630369631,-0.4630369630369631,-0.4507042253521126,-0.4571428571428571,-0.16703574818095535,-0.7624826629680999,-9.979274611398962,-0.0462633451957295,0.11847922192749773,-0.07070707070707061,0.08108108108108114,0.0638766519823788,-0.033333333333333326,-0.08333333333333326,-0.1467006513735487,0.04347826086956519,-0.01701258931609395,0.06115107913669071,0.006134969325153339,-0.03848567245346168
21,2000-02-29,0.039266827355469935,0.06017165814463121,0.09662988368625114,0.13017685247369593,-0.002646079133331259,0.04947322425595968,0.3516279069767443,0.3516279069767443,0.35897435897435903,0.368421052631579,-1.4094189137865554,0.437956204379562,-1.521061742642816,-4.492537313432836,-0.3699604743083004,-0.2298136645962734,0.04437500000000005,0.017598343685300222,0.006896551724137946,-0.2027972027972028,-0.28808496515101223,0.08333333333333348,-0.04032537210107301,0.04237288135593231,-0.02439024390243893,-0.061942571242114323
22,2000-05-31,0.013707876836803523,0.032469210231676815,0.05711177590426985,0.059720709121521276,-0.021162369685997832,0.05139711324944485,-0.13214039917412246,-0.13214039917412246,-0.1132075471698114,-0.09615384615384626,-3.674397031539888,-1.1563451776649751,-3.086378737541528,-2.0138888888888893,0.5953575909661231,-0.07661290322580637,0.07420706163973656,0.029501525940996975,-0.006849315068493178,-0.08187134502923976,-0.11515151515151513,0.03846153846153855,-0.03444544634806135,0.04715447154471542,-0.018750000000000044,-0.02568264826946487
23,2000-08-31,0.05706090252522665,0.09442776109442774,0.0615605130655299,0.08242990654205617,0.05315688775510208,0.16016192194306322,0.6669310071371928,0.6669310071371928,0.6595744680851066,0.6382978723404256,-0.38987166146375307,-5.116883116883117,-1.1464968152866242,0.6101159114857746,0.6008651199370822,0.1353711790393013,0.02116991643454047,-0.003952569169960452,0.055172413793103565,0.14331210191082788,0.05900948366701786,0.07407407407407396,-0.003548748599178197,0.0015527950310558758,-0.0063694267515923535,0.01106747590146373
24,2000-11-30,-0.06680557574582867,-0.10957825203252036,-0.16005400914000836,-0.2025556898635814,0.014745511248372534,-0.16611673683012862,-0.43196955280685057,-0.43196955280685057,-0.4358974358974359,-0.4285714285714286,-0.2603752131893121,0.29495268138801256,-7.043478260869565,-1.5340314136125657,-0.2004421518054532,-0.02884615384615397,0.009274413529732684,0.010912698412698374,0.013071895424836557,-0.0807799442896936,-0.060696517412935476,0.034482758620689724,0.0873477038425492,0.00465116279069755,0.006410256410256388,0.1165842749529189
25,2001-02-28,0.032661185633924734,0.044540188889205856,0.03478834343184545,0.05294499783456042,0.03112132243241628,-0.013007686360121841,-0.1842546063651591,-0.1842546063651591,-0.18181818181818188,-0.20454545454545456,-0.8308993082244427,0.22289890377588306,-0.7703836930455635,0.7107843137254901,-0.4288786482334871,0.21782178217821804,-0.0972972972972972,-0.08734052993130527,0.02580645161290329,0.20303030303030312,0.18432203389830515,0.06666666666666665,-0.001551456645405791,-0.08024691358024683,-0.0063694267515923535,-0.007958678121541052
26,2001-05-31,-0.024571754215413463,-0.00969733391608396,-0.0738498307110137,-0.08138817480719795,0.011227826489567994,0.14432514630662174,0.6704312114989732,0.6704312114989732,0.6666666666666667,0.7142857142857144,13.931818181818182,-0.03984063745019917,3.5013054830287205,-1.8459885386819488,0.635287789133943,-0.1723577235772359,0.03832335329341308,0.06774193548387086,0.018867924528301886,-0.19395465994962213,-0.1028622540250448,0.03125,0.036774861878452914,0.04194630872483218,0.02564102564102577,0.0779938369992561
27,2001-08-31,0.07878548353838744,0.09811601798471847,0.11689819792697098,0.0376672077013489,0.05342681356417223,0.052510771956670636,0.22433927473878312,0.22433927473878312,0.2333333333333334,0.2166666666666668,-0.2834094368340944,-0.4626556016597511,-0.4773781902552205,-0.4843353090601186,0.2003289473684211,0.12966601178781922,-0.0455594002306805,-0.022155085599194324,0.05555555555555537,0.10937499999999978,0.061814556331007076,0.06060606060606055,-0.02348043297252289,-0.016103059581320408,-0.006249999999999978,0.0582552981764417
28,2001-11-30,-0.013602841624058226,-0.0206229590555137,-0.06773460664638609,-0.09530744336569574,0.02458437466043684,-0.10594176837433522,-0.35090361445783136,-0.35090361445783136,-0.3513513513513513,-0.3424657534246576,-0.0577740016992353,0.24131274131274136,-0.17980022197558265,0.5582922824302134,0.2600712523979172,0.041739130434782716,-0.012084592145015116,0.0,0.029239766081871288,-0.014084507042253502,0.06103286384976525,0.02857142857142869,0.03871077762619368,0.003273322422258529,-0.006289308176100628,0.08257265275707892
29,2002-02-28,0.008445427680979112,0.013285798558567707,-0.018133002891367208,-0.02575567876945095,0.02550574011718854,-0.03273707634371792,-0.023201856148491903,-0.023201856148491903,-0.02083333333333337,-0.04166666666666663,-0.7195671776375112,0.5272161741835149,0.15426251691474954,-2.161222339304531,-0.2396694214876033,0.18196994991652748,0.019571865443424933,0.037075180226570525,0.02272727272727271,0.14857142857142835,0.16017699115044226,0.05555555555555558,0.016910195370218206,0.039151712887439016,0.0,0.04009464400946428
30,2002-05-31,0.03170536429143312,0.05239577796339878,0.09545244205123883,0.12367664157640301,-0.0074717546989322425,0.18665663849931424,0.6508313539192399,0.6508313539192399,0.6808510638297873,0.6739130434782608,8.036977491961414,-0.09877800407331973,1.6834701055099652,-3.0499092558983665,0.6461670480549201,0.029661016949152463,0.04979004199160175,0.04766633565044676,0.0,0.0074626865671643125,-0.020213577421815287,0.026315789473684292,-0.0381013884404261,0.05180533751962324,-0.006329113924050668,-0.0634487322662034
31,2002-08-31,-0.013518547260592872,0.03525987926016794,0.030491551459293387,-0.027012308027448032,-0.043370669445167986,0.04253970621131909,-1.2345323741007197,-1.2345323741007197,-1.2278481012658229,-1.2337662337662338,-0.690268635474115,-0.4338983050847458,0.08868501529051986,-1.644090305444887,-0.25282363162467425,-0.15775034293552814,-0.3737142857142857,-0.376303317535545,-0.038888888888888966,-0.15802469135802466,-0.2164266251459712,0.0512820512820511,-0.03021148036253785,-0.3850746268656716,0.019108280254777062,0.06399328710859864
32,2002-11-30,-0.014553407070595825,-0.02137397486234693,-0.07211000968920023,-0.10629127952535544,0.02750170183798506,-0.10070450237814256,-4.10838445807771,-4.10838445807771,-4.166666666666666,-4.166666666666666,0.2975301550832854,0.14770459081836318,-0.8920545746388443,-1.864604810996564,0.2925581395348837,-0.11563517915309453,0.05474452554744525,0.051671732522796436,0.02890173410404628,-0.07917888563049857,0.4103328365623449,0.048780487804878085,0.042748355832468166,0.036407766990291364,0.012499999999999956,0.09501079196413764
33,2003-02-28,0.021968898681227426,0.031977779360444325,0.03048315193381268,0.16189641134840604,0.016350867894527662,-0.04525390702668308,-0.1796052631578947,-0.1796052631578947,-0.17543859649122806,-0.17543859649122806,-0.8725099601593626,0.05391304347826087,3.0074349442379185,-1.8950715421303657,-0.20259086002159046,0.03130755064456725,-0.0017301038062282892,-0.010115606936416107,0.0224719101123596,0.0031847133757960666,-0.026065516026770097,0.023255813953488413,-0.005477178423236695,-0.016393442622950838,0.006172839506172646,-0.1118229028467458
34,2003-05-31,0.048882987033276086,0.07658155049459392,0.061345389352248876,0.08624407072013797,0.04054547350855242,0.24332541963430376,0.9743384121892542,0.9743384121892542,1.0,0.9574468085106383,15.965277777777779,-0.2178217821782178,1.0528756957328391,-2.69449378330373,0.4305054151624548,0.13928571428571426,0.07538994800693244,0.07591240875912407,0.038461538461538325,0.11428571428571432,0.13236889692585896,0.045454545454545414,-0.008010680907877044,0.05476190476190457,0.018404907975460242,-0.008877128590329186
35,2003-08-31,0.04538345819866252,0.07869826278339276,0.02875293772032905,0.009676458912266872,0.056731901671385865,0.013332886670463395,0.06092607636068247,0.06092607636068247,0.05319148936170226,0.06521739130434767,-0.2822349570200573,-0.10759493670886078,-1.2236782647989155,0.9067085953878408,0.5738170347003155,0.050156739811912265,0.5979049153908138,0.6119402985074627,0.06349206349206349,0.008547008547008517,-0.038326413286489884,0.04347826086956519,0.01076716016150736,0.6207674943566592,0.0,0.06838048486414339
36,2003-11-30,0.05099307554213084,-0.005427677191870317,0.0741388541852579,-0.01902000294883765,0.03561689312560756,-0.062084697014777375,-0.31431852986217457,-0.31431852986217457,-0.31313131313131304,-0.3265306122448979,0.19304248645566013,7.070921985815604,-3.11919191919192,-1.0794392523364489,-0.02896372018440574,0.14328358208955214,-0.003025718608169581,-0.007575757575757569,0.029850746268656806,0.07627118644067797,-0.3078711391564264,0.04166666666666674,-0.014480692410119957,0.00417827298050133,-0.012048192771084376,0.013824513320704446
37,2004-02-29,0.030881854538060024,0.035611854684512334,0.010600824139306077,-0.02575150300601204,0.044856089574794485,0.02358041662260768,0.11836962590731435,0.11836962590731435,0.11764705882352945,0.1212121212121211,-0.5167304015296368,-0.7671353251318102,0.665395614871306,0.8754325259515572,-0.05593972546186399,0.12402088772845946,0.047040971168436974,0.047497879558948235,0.04347826086956541,0.09186351706036744,0.09069097888675626,0.06000000000000005,0.01351123121094422,0.04715672676837723,0.0,0.06301184702234243
38,2004-05-31,0.03778125534237199,0.060081544734210235,0.02262339285127091,0.03311735061195109,0.047883064516129004,0.2007920110192838,0.5227159261108338,0.5227159261108338,0.5263157894736841,0.527027027027027,1.6859545004945595,5.079245283018868,-0.03606182026330852,0.5996309963099631,-0.09478517546736633,0.048780487804878085,0.019323671497584627,0.02429149797570851,0.05092592592592582,0.004807692307692291,-0.03695556533216016,0.03773584905660377,0.009665055824029434,0.022516556291390932,0.0,0.026104192378174185
39,2004-08-31,0.020439454609965102,0.019793178519593724,-0.02543490144377636,-0.05032354405176709,0.0502750067967459,0.021421811820710568,0.07147540983606547,0.07147540983606547,0.06896551724137945,0.07079646017699126,-0.3233290370097588,-0.8501965652803641,0.10154394299287416,-2.200692041522492,0.12572463768115938,0.011074197120708895,0.02322274881516595,0.033992094861660105,0.052863436123347984,-0.03827751196172258,-0.0493375970762906,0.05454545454545445,0.0292127413764649,0.024611398963730657,0.0060975609756097615,0.07380544520173493
40,2004-11-30,0.06275999950328459,0.07642632225009338,0.061105978619506514,0.04995020703391173,0.06375818880547968,-0.11609298669212198,-0.19859241126070992,-0.19859241126070992,-0.2016129032258065,-0.19834710743801653,0.05578231292517,1.5483425414364642,-1.1477088948787062,1.3986551392891449,0.2678897114043557,0.1106243154435924,0.028253821213524818,0.04204892966360863,0.05857740585774041,0.054726368159204064,0.04228736184526682,0.05172413793103448,0.0009621552277099266,0.055625790139064435,-0.012121212121212088,0.02521892607426524
41,2005-02-28,0.010960120584695645,0.024459979837043733,0.0027985074626866173,0.031349840255590955,0.015873312992531252,0.0507893148683416,0.04390988927071393,0.04390988927071393,0.05050505050505062,0.04123711340206193,-0.16082474226804122,-0.9669376693766938,-10.718978102189784,-0.8370044052863437,0.034438991369097886,0.07889546351084809,0.022072072072071958,0.03301540719002194,0.019762845849802483,0.018867924528301886,-0.0036883356385432045,0.049180327868852514,0.00496635693687919,0.03473053892215572,0.0,-0.006687634497599682
42,2005-05-31,0.016354411067833308,0.02458580024843915,-0.023441860465116315,-0.03233301064859628,0.040002948167529695,0.12490175926485693,0.2783467446964154,0.2783467446964154,0.2884615384615385,0.27722772277227725,0.5036855036855037,14.9672131147541,-0.1265490048817124,3.068796068796069,0.13546012269938654,-0.0648994515539304,-0.003525782282943979,0.010653409090909172,0.046511627906976834,-0.08101851851851849,-0.12355391022674678,0.046875,0.023274350390562804,0.02083333333333326,-0.012269938650306678,0.058827450588274426
43,2005-08-31,0.036628911935953516,0.04962919809166921,0.000793801994030563,0.11719687875150052,0.05662449948619819,0.037781480088138863,0.23690987124463514,0.23690987124463514,0.2388059701492536,0.24806201550387602,-0.4654820261437909,-1.711498973305955,-0.40584694754944106,0.21256038647343,0.14465816583819602,0.02834799608993155,0.0411322423706324,0.05411103302881215,0.05925925925925912,-0.017632241813602127,-0.007919746568109898,0.04477611940298498,0.01916186321856994,0.06349206349206349,-0.006211180124223614,-0.0604696549987408
44,2005-11-30,0.003115504020535953,0.0045302491637040365,-0.028332117135695944,-0.032415491381240225,0.019735738958382317,-0.10028482651475924,-0.3034929447143188,-0.3034929447143188,-0.3012048192771084,-0.2919254658385094,0.8207871608712265,-11.40981240981241,0.5484804630969609,-3.262948207171315,-0.2859840140978035,-0.019011406844106404,-0.0029736618521665203,0.012666666666666826,0.02447552447552459,-0.07435897435897433,-0.0995210218201169,0.05714285714285716,0.016661571384897655,0.006396588486140775,0.006250000000000089,0.03819479344657761
45,2006-02-28,0.04091162607583021,0.05199731202867164,0.06334487037157976,0.06621627874693448,0.029614404341034236,0.03974443836877994,0.08203254732646957,0.08203254732646957,0.0862068965517242,0.08771929824561409,-0.54900314795383,-1.4105905184363738,-0.21121495327102802,-1.7429577464788732,0.29757602468047595,0.04166666666666674,0.002556455048998707,0.014483212639894603,0.03412969283276435,0.016620498614958512,0.0065011820330969075,0.05405405405405417,-0.010825439783491151,0.016949152542372836,-0.006211180124223614,-0.013360441475457452
46,2006-05-31,0.03691874514088789,0.04461510071401187,0.10065712706503717,0.1384862425136706,0.0037690047272262994,0.10866917626217898,0.02148557397176188,0.02148557397176188,0.015873015873015817,0.040322580645161255,2.326198231735691,-4.108372721134368,0.9543838862559242,-2.5340639810426544,-0.35181033897153724,-0.038139534883720905,-0.03782405439864012,-0.04023361453601548,0.01650165016501659,-0.0708446866485013,-0.0798590722254845,0.0512820512820511,-0.03207174342605257,-0.03020833333333328,-0.006249999999999978,-0.08245837830765712
47,2006-08-31,-0.030305179541217475,-0.04890610137246909,-0.06550608191050111,-0.08142416040864564,-0.010230382485839741,0.047111399610525684,0.13341346153846145,0.13341346153846145,0.1640625,0.13953488372093026,-0.6757134862898713,-1.6344086021505375,1.2791755077296152,-1.147711913496814,0.08017187172500527,-0.02998065764023217,-0.04946996466431086,-0.05138607167004727,0.006493506493506551,-0.04398826979472148,-0.029993618379068325,0.048780487804878085,0.02072864321608048,-0.060150375939849725,0.006289308176100628,0.03543419364038214
48,2006-11-30,0.02629956637584252,0.03007529539512221,-0.019554573680439447,-0.051666182512345886,0.0509894066774903,-0.0887913974392599,-0.1367974549310711,-0.1367974549310711,-0.12751677852348986,-0.12925170068027206,0.3364969801553064,-1.332477315528163,-0.9311078600877776,-0.05620915032679742,0.07004948093528672,0.11665004985044858,0.0,0.0007127583749109156,0.04516129032258065,0.1073619631901841,0.1467105263157895,0.05813953488372104,0.024000000000000014,-0.004571428571428561,0.006250000000000089,0.08617365558080302
49,2007-02-28,0.04035755737003921,0.05971205059920104,0.02633902743521821,0.012033957640469106,0.04739909147917598,0.02752701677264047,0.07739557739557745,0.07739557739557745,-0.4692307692307693,-0.46875,0.20464816010329234,-2.998455200823893,-1.167953667953668,9.75207756232687,0.7038716112068184,0.13660714285714293,-0.004646840148698872,0.0007122507122507837,0.04629629629629628,0.08864265927977844,0.10671256454388978,0.0439560439560438,0.006911057692307709,-0.0022962112514350874,0.006211180124223503,0.047101334432153134
50,2007-05-31,0.04596520071242627,0.05711967120849204,0.08672046519907428,0.11730877329528265,0.0259053738317756,0.1161985281010467,0.24828962371721786,0.24828962371721786,0.2753623188405798,0.2941176470588234,1.582797427652733,-2.7652666838443705,-37.3793103448276,-1.0289836403452273,-0.011973180076628398,0.062058130400628464,0.045751633986928164,0.053380782918149405,0.03244837758112085,0.01526717557251911,0.038361845515811455,0.05263157894736836,-0.01924798567591768,0.05178365937859608,0.0,-0.05385197517784168
51,2007-08-31,0.0304257926892022,0.03281124249365441,-0.001092030904474628,0.012151702786377784,0.04685854186238503,0.0620323051651761,0.30098195935145,0.30098195935145,0.2954545454545454,0.2727272727272729,-0.6685340802987862,-1.1294701503430156,-0.09131121642969986,-6.208888888888889,0.06312274465449462,0.03772189349112432,0.08303571428571432,0.0905405405405406,0.05428571428571427,0.005012531328320691,-0.04543185222166746,0.05000000000000005,0.01597444089456856,0.0973741794310723,-0.006172839506172867,0.020412080880471084
52,2007-11-30,0.04005084668815551,0.041467361985254365,0.08294842712290572,0.06633784507149952,0.01870937916406068,-0.06779661016949158,-0.36914165350184297,-0.36914165350184297,-0.3684210526315789,-0.3660714285714287,0.9730829420970266,0.19165727170236746,-0.012517385257301837,3.2372013651877136,0.2515831602411469,0.07555238774055595,-0.014014839241549892,-0.018587360594795373,0.02168021680216814,0.01995012468827939,-0.049163179916318016,0.04761904761904767,-0.020515124288709045,-0.009970089730807595,-0.006211180124223614,-0.023327271587132332
53,2008-02-29,0.02912367083966272,0.02501323756244677,0.05365435089844528,0.055326472802897264,0.01615012946798,0.047217421361908096,0.2904841402337228,0.2904841402337228,0.3055555555555556,0.295774647887324,-0.4386104060913706,-3.098391674550615,0.1795774647887325,-1.4593233991139751,-0.0923294879579033,-0.010603048376408242,0.03846153846153855,0.028409090909090832,0.023872679045092715,-0.0317848410757946,-0.030803080308030695,0.05454545454545445,-0.01268919125515977,0.02920443101711978,0.0,-0.028731942215088343
54,2008-05-31,0.055521623318233404,-0.007344436084315009,0.10596407185628752,0.12853356890459364,0.027859507171754228,0.11961975178241355,0.05756791720569221,0.05756791720569221,0.06382978723404252,0.07608695652173902,0.7872280305170953,0.7421100090171326,-0.04626865671641789,-0.5243314335817624,-0.048385658223332184,0.06563965170797048,0.0016103059581320522,-0.009821976672805377,0.033678756476684064,0.040404040404040435,-0.005107832009080604,0.05172413793103448,-0.02616909259832767,-0.010763209393346409,0.0,-0.12040984961163448
55,2008-08-31,0.0122240349763314,0.01191270801986577,-0.011954779746177535,-0.00298058106277288,0.026490997150268925,0.06764937106918234,0.0407747196738022,0.0407747196738022,0.05000000000000005,0.040404040404040435,-0.4346245059288537,0.10791925465838514,0.3580594679186229,3.684792626728112,-0.2382023525001171,-0.018227529855436853,-0.05265273311897112,-0.06323620582765023,0.03759398496240585,-0.050970873786407744,-0.04677695379349689,0.049180327868852514,0.014151693432978176,-0.0702274975272007,0.006250000000000089,0.014955659101157481
56,2008-11-30,0.003167974084542724,-0.00237014511548872,-0.009578712024900238,-0.06703708177316102,0.010407589074521216,-0.15502006553514225,-0.2340842311459353,-0.2340842311459353,-0.2285714285714285,-0.2233009708737864,-0.2150447427293065,-1.0420462508759636,-0.7040792809403088,-1.188668109384222,0.05899360236220464,-0.11395646606914213,-0.002969876962240159,-0.006618133686300487,0.012077294685990614,-0.1457800511508952,-0.09216038300418916,0.046875,0.0072122922546251625,0.0042553191489360645,-0.012422360248447228,0.06930766382821174
57,2009-02-28,-0.029996754968459882,0.008427281081202276,-0.10481354431780454,-0.07489642672190577,0.011655700943791423,-0.03252652447659088,-0.3764705882352941,-0.3764705882352941,-0.3827160493827161,-0.375,-0.9141432133950838,10.577777777777778,-0.26168224299065423,0.7789363920750783,0.0990996224223062,-0.11994219653179194,-0.13489361702127656,-0.12658227848101278,0.01193317422434359,-0.12874251497005984,-0.1410678971654582,0.04477611940298498,0.04296388542963903,-0.11334745762711862,-0.012578616352201257,0.09005609029845574
58,2009-05-31,0.0810969589660322,0.08172382370590991,0.1264802590916958,0.14652578545938,0.05873970867637745,0.0612952621149343,0.4003281378178836,0.4003281378178836,0.4199999999999999,0.3999999999999999,43.551867219917014,-3.861804222648753,-0.18987341772151894,1.3388042203985933,0.2108768035516093,-0.02052545155993435,-0.1151008362026562,-0.10602593440122043,0.054245283018867774,-0.03436426116838487,0.10283960092095157,0.04285714285714293,-0.020746268656716468,-0.07407407407407407,-0.03821656050955413,-0.05650668614807985
59,2009-08-31,-0.00445296461779976,-0.013057324840764384,-0.10020849336113248,-0.1294476655477571,0.04573742393392455,0.01814131126670904,0.5026362038664323,0.5026362038664323,0.4929577464788735,0.4857142857142858,-0.33966657353078145,-0.4434942991281019,3.666666666666667,-1.0764411027568923,-0.013312382698267178,0.15423302598491204,-0.02946081156197888,-0.010238907849829282,0.044742729306487705,0.09608540925266906,0.2651356993736953,0.04794520547945202,0.05044962658131391,0.03612903225806452,-0.04635761589403975,0.13368569889577153
60,2009-11-30,0.01272118023440938,0.0165193766979983,0.008390448547525464,-0.01910403813796968,0.01467433750976266,-0.08187975408981972,-0.2682261208576998,-0.2682261208576998,-0.2735849056603774,-0.2692307692307693,-0.05768688293370949,1.2081952395299789,-0.5890066964285714,6.390163934426229,-0.09970804211271343,0.08569353667392887,-0.04123711340206193,-0.02413793103448281,0.012847965738758129,0.038961038961039085,0.08195819581958208,0.03921568627450989,0.00188624492164835,0.0,-0.02083333333333337,0.03631774313288783
61,2010-02-28,0.01631183375254519,0.03301384451544198,0.0031686137919357807,0.017296215559446715,0.02220270812328584,0.07431450880697299,0.3223228556206712,0.3223228556206712,0.3246753246753247,0.32894736842105265,-0.2337973357281844,-1.1375358166189111,1.7399864222674817,-1.8429458740017748,0.09335691823899372,0.07625418060200673,0.13201911589008364,0.1431095406360423,0.0253699788583508,0.0625,0.09049313675648184,0.04402515723270439,0.005792903692976026,0.15317559153175608,-0.007092198581560294,0.015473666112671312
62,2010-05-31,0.062093501174841366,0.08636003172085638,0.12494574914404198,0.18178944040467915,0.03444728441281586,0.07266004648214652,0.05136986301369872,0.05136986301369872,0.058823529411764726,0.03960396039603964,1.4911115452236765,-4.010912698412699,-0.6236372646184339,3.49421052631579,0.3837407873449577,0.13113735239279056,0.07335092348284955,0.08037094281298307,0.04123711340206193,0.10294117647058833,-0.033100233100233134,0.04216867469879526,-0.026061915046796225,0.0831533477321813,-0.007142857142857118,-0.0807607652802077
63,2010-08-31,-0.025542155305736114,-0.03907219505073367,-0.058856310013717376,-0.06604839189108846,-0.00960661082461012,0.01932281510370504,0.07108641502203494,0.07108641502203494,0.08333333333333326,0.08571428571428563,-0.8337515683814304,1.2537067545304779,2.949967083607637,-2.251903033142054,-0.34721184761781043,-0.023626373626373653,0.008849557522123908,0.008583690987124415,0.0,-0.06133333333333335,-0.1123432979749276,0.040462427745664886,0.016410408042578428,0.003988035892322994,0.007194244604316501,0.028886296660117994
64,2010-11-30,0.02939292577040775,0.0365587313645428,0.028239580961056717,0.03373647358370468,0.029917184265010333,-0.06434782608695655,-0.18246869409660105,-0.18246869409660105,-0.17948717948717952,-0.17543859649122806,1.05188679245283,-0.2880116959064327,-0.6733333333333333,-0.7736202057998129,-0.12039800995024875,0.1159257175014068,0.02241715399610134,0.021276595744680767,0.029702970297029733,0.11647727272727272,0.08799565453557845,0.038888888888888966,0.0004363636363635681,0.018867924528301886,0.0,0.0027150401288897896
65,2011-02-28,0.0009679203539822988,-0.012000732869182906,0.013510520487264754,0.028940886699507336,-0.0047240928736556045,0.04894671623296154,0.1444201312910285,0.1444201312910285,0.14583333333333348,0.14893617021276606,-0.2574712643678161,-2.1683778234086244,1.7653061224489797,-2.5041322314049586,0.2058823529411764,0.0948058497226425,0.00047664442326023066,-0.002777777777777657,0.003846153846153833,0.061068702290076216,0.04742885671492747,0.04278074866310155,-0.0056702529805175966,-0.003898635477582847,0.007142857142857118,-0.039782194715543784
66,2011-05-31,0.035916563061196394,0.047473342605470537,0.1265297202797202,0.18432076600837832,-0.005958392243991084,0.13526284701712932,0.13575525812619493,0.13575525812619493,0.13636363636363624,0.13888888888888884,1.6068111455108358,-1.7363796133567662,0.1697416974169741,-1.4862637362637363,-0.08302063789868662,-0.04836480884385075,0.032872796569795026,0.024373259052924867,-0.007662835249042098,-0.05035971223021585,-0.06434699714013348,0.04102564102564088,-0.04035677730662368,0.0,0.021276595744680767,-0.11555266338198378
67,2011-08-31,-0.013001733564475315,-0.02283792157209874,-0.04869059165858392,-0.05002526528549778,0.005689322361068783,0.05463059313215402,0.08585858585858586,0.08585858585858586,0.11199999999999988,0.10569105691056913,-0.8966745843230404,-1.7565632458233893,0.17350157728706628,0.96045197740113,-0.17749360613810738,0.04162633107454017,0.03413284132841343,0.027192386131883017,0.030888030888030826,0.04797979797979801,-0.0010188487009679117,0.03940886699507384,0.018893798567728208,-0.002935420743639839,0.0277777777777779,0.02862448321771427
68,2011-11-30,-0.016077822063095267,-0.02844460548962768,-0.03711256117455142,-0.05239361702127665,-0.005657137084553954,-0.05755632297319524,-0.2728682170542636,-0.2728682170542636,-0.2661870503597121,-0.26470588235294124,4.862068965517241,0.6246056782334384,-0.04569892473118276,-1.92507204610951,0.19962686567164176,0.04135687732342008,0.00802854594112401,0.00397088021178016,0.0037453183520599342,0.012048192771084263,-0.008669046404895409,0.042654028436019065,0.010617616270375274,-0.03336604514229635,0.04054054054054057,0.02527334037262841
69,2012-02-29,0.015722622725712343,0.01930069930069922,-0.022024565861922918,-0.04294134156609597,0.03383114903992679,0.02006630605478965,0.19402985074626847,0.19402985074626847,0.19607843137254896,0.2,-0.3568627450980392,-0.6776699029126214,-0.4140845070422535,-0.7133956386292835,0.04769310523587356,0.12271307452030332,0.009734513274336276,0.01054713249835193,0.035447761194029814,0.1166666666666667,0.1085390946502056,0.040909090909090784,0.017756732761172067,-0.017258883248731042,0.025974025974025983,0.06504767283478953
70,2012-05-31,0.045356225496822944,0.054793267471642926,0.10090948462537884,0.13343108504398835,0.020145440251572392,0.1067396510434484,-0.019642857142857184,-0.019642857142857184,-0.016393442622950838,-0.025000000000000026,1.969512195121952,-3.9156626506024095,-0.40384615384615385,2.217391304347826,0.14646214745175645,0.08664546899841019,-0.032865907099035814,-0.02739726027397249,0.025225225225225408,0.051172707889125764,0.059396751740139024,0.0393013100436681,-0.02398953184065133,-0.04855371900826444,0.025316455696202445,-0.06940328768832471
71,2012-08-31,-0.022696411251212467,-0.03425548521377153,-0.003343823760818209,-0.0230271668822768,-0.03217416433869569,0.030757341576507002,0.03278688524590168,0.03278688524590168,0.04166666666666674,0.05128205128205132,-0.4507186858316222,-1.456611570247934,2.657258064516129,-1.5135135135135136,-0.06560207164436771,-0.10204828090709583,-0.038966923425464366,-0.04024144869215296,-0.02108963093145877,-0.12576064908722118,-0.090670170827858,0.037815126050420256,-0.00983166989423512,-0.05754614549402825,0.018518518518518386,-0.01146343098478253
72,2012-11-30,0.003771337832473298,0.02684985632183912,0.017761989342806483,0.006091101694915224,-0.0032845625559868585,-0.1070625281151597,-0.3227513227513228,-0.3227513227513228,-0.6559999999999999,-0.6585365853658537,0.3271028037383177,-1.2760180995475112,-0.422271223814774,-1.8289473684210529,0.058198614318706765,-0.02525458248472512,-0.04337576614804338,-0.04891684136967156,0.003590664272890453,-0.002320185614849146,0.002408477842003709,0.04048582995951412,-0.006920415224913379,-0.04838709677419351,0.0,0.020615760206157636
73,2013-02-28,0.02926636345659484,0.030957586357673875,-0.040527438433197616,-0.07870492234798633,0.06520870780906729,0.038958858102434935,1.2552083333333337,1.2552083333333337,1.255813953488372,1.2619047619047619,-0.4042253521126761,-3.459016393442623,-0.3282442748091603,1.1111111111111112,0.11610650371017027,0.08650229837024659,0.13454903893543624,0.13299044819985315,0.06797853309481218,0.08139534883720945,0.1254204709274389,0.04280155642023353,0.034843205574912835,0.13317191283292962,0.0,0.11903654485049844
74,2013-05-31,0.12609670188920918,0.15582322504029178,0.29911075181891666,0.12171428571428565,0.04584231742758038,0.05091320510748343,-0.2286374133949192,-0.2286374133949192,-0.2268041237113401,-0.23157894736842105,2.2127659574468086,-10.18,-3.1107954545454546,1.932330827067669,0.3050449745795853,0.14807692307692322,0.030842745438748983,0.015564202334630297,0.048576214405360085,0.07526881720430101,-0.008112724167378405,0.03731343283582067,-0.07129263651002793,0.04914529914529897,-0.036363636363636265,0.030401092539263038
75,2013-08-31,0.005118289353958083,-0.0005871128724497242,-0.005600497822028649,-0.016046867040244498,0.01129437074220152,0.07213165179944636,0.16766467065868262,0.16766467065868262,0.17333333333333334,0.17808219178082196,-0.5607064017660044,-0.7153231663035584,-1.8048452220726785,-1.5141025641025638,-0.12016781540305665,0.05460636515912887,0.05478297513695751,0.04342273307790556,0.012779552715654896,0.0060000000000000045,-0.0017219113215668491,0.039568345323741205,0.006147540983606481,0.07230142566191455,-0.02515723270440251,0.015702884144408902
76,2013-11-30,0.008260721964467477,-0.0008077544426494665,0.013141426783479293,-0.0031063939943049013,0.005495479524906921,-0.07746377851097408,-0.31153846153846154,-0.31153846153846154,-0.31818181818181823,-0.313953488372093,-0.4438860971524288,1.0025510204081631,-0.34448160535117056,1.119700748129676,-0.2895095367847411,0.13850063532401524,0.025169796244506548,0.01591187270501848,0.011041009463722551,0.12326043737574555,0.044415696420871065,0.04152249134948094,-0.002663324455585037,0.037986704653371284,-0.01935483870967747,0.002326109156927325
77,2014-02-28,-0.000953984287317633,-0.014477842287058175,0.029956763434218606,0.026746299662425255,-0.01860014104372354,0.08412377546260298,0.2756052141527001,0.2756052141527001,0.30000000000000004,0.2881355932203391,1.2710843373493974,-0.9121019108280256,1.3647959183673468,-0.7388235294117647,-0.1064237775647172,0.0471540178571428,-0.07326578332034284,-0.0921686746987952,-0.010920436817472793,0.035398230088495415,-0.009909165978530088,0.039867109634551534,-0.017750549795790268,-0.09149130832570906,0.0,-0.04015961962981818
78,2014-05-31,0.044430713924619385,0.02132736763609256,0.1649175412293853,0.2713707637835103,-0.027755322015629247,0.06497418244406195,0.008759124087591275,0.008759124087591275,0.012820512820512777,0.0,0.7506631299734747,-1.5652173913043477,0.0755124056094929,-2.603603603603604,0.1909871244635193,0.0037303490540900883,0.015979814970563444,-0.005972130059721414,-0.017350157728706517,0.015384615384615554,0.0688073394495412,0.03833865814696491,-0.06908683831760754,-0.024169184290030232,0.019736842105263275,-0.1966681409405868
79,2014-08-31,-0.003925997633645317,-0.01139018691588789,-0.0455598455598456,-0.042570121344738365,0.02596082779009601,0.07501683501683498,0.3921852387843705,0.3921852387843705,0.4050632911392407,0.4342105263157896,-0.5545454545454546,6.17948717948718,-0.11534603811434307,-0.7668539325842697,0.03738738738738734,0.0183169631006106,0.07201986754966883,0.05540720961281709,0.0353130016051364,0.03703703703703698,0.007803355442840498,0.036923076923077065,0.03006356296169055,0.02992776057791535,0.019354838709677358,0.032556432372912614
80,2014-11-30,0.0348793261702931,0.03641063515509591,0.0068770226537215855,0.025763557033035456,0.05357946870778929,-0.07541969431220241,-0.3191268191268192,-0.3191268191268192,-0.3153153153153153,-0.32110091743119273,0.10034013605442182,-2.5928571428571425,-0.5215419501133787,-1.3614457831325302,-0.01302648719062094,0.16084462982273195,0.032818532818532864,0.0221378874130298,0.04961240310077519,0.12012987012987007,0.07742934572202875,0.041543026706231334,0.018012008005336973,0.008016032064128266,0.018987341772152,0.010379638845442908
81,2015-02-28,0.07168570981374245,0.08365994441673208,0.09454935047542512,0.13145635001012754,0.057094017094017076,0.01084010840108407,0.2076335877862596,0.2076335877862596,0.21052631578947367,0.20270270270270266,2.250386398763524,-0.5156950672645739,0.8744075829383886,-25.73333333333333,0.32644082710074795,0.06781944756344037,0.007476635514018781,-0.0012376237623762387,0.062038404726735726,0.017391304347825987,0.020122170319798904,0.039886039886039885,-0.013597640891219063,0.01888667992047721,-0.024844720496894457,-0.04225302561215871
82,2015-05-31,0.05155542573389815,0.05056881699217475,0.08809494677596974,0.13390619405657,0.027409443725743943,0.04276139410187674,0.09355246523388104,0.09355246523388104,0.09782608695652173,0.101123595505618,-0.3618640038040895,-1.9583333333333333,-0.12136536030341336,0.12803234501347704,0.27761194029850755,0.055099894847528974,0.014471243042671444,0.01610904584882289,0.033379694019471495,-0.005698005698005604,0.01549841493483606,0.03835616438356172,-0.02291978076731427,0.04390243902439028,-0.025477707006369414,-0.07346728868971097
83,2015-08-31,-0.03861111111111115,-0.0461942914371557,-0.11480940065219836,-0.16703504894221666,0.014716298103407466,0.08163002956678245,0.3630057803468208,0.3630057803468208,0.3663366336633662,0.3673469387755104,-0.6341281669150521,-2.8599033816425123,-0.03021582733812944,-1.7240143369175633,-0.15732087227414324,0.057404823599760624,0.02816386247256775,0.037195121951219434,0.018842530282638048,0.022922636103151817,-0.005202913631633721,0.036939313984168935,0.0554139044705082,0.051401869158878455,-0.013071895424836666,0.14506601118027196
84,2015-11-30,0.08749879610902432,0.09955374721092004,0.16590447154471555,0.044541319181197865,0.039630836047774176,-0.08652246256239604,-0.3341815097540288,-0.3341815097540288,-0.6666666666666666,-0.6641791044776121,0.10997963340122197,-0.1896103896103896,-1.5816023738872405,-1.9983498349834985,0.1863832409118915,1.2934967012252594,0.002845962290999537,-0.004115226337448541,0.039630118890356725,1.2507002801120448,1.1481868898186889,0.040712468193384144,-0.043968432919954885,0.026666666666666616,-0.026490066225165587,0.052662557994598735
85,2016-02-29,-0.07067262985431523,-0.08946583109519546,-0.053497494007409004,-0.0963527490473598,-0.08243192838493096,0.04501691386937279,0.21019108280254767,0.21019108280254767,0.21739130434782614,0.22222222222222232,0.6073394495412845,-1.4903846153846154,-5.497448979591836,-2.333884297520661,-0.20955595949104133,-0.499383578532095,0.045051436679673706,0.038370720188902085,-0.07242693773824649,-0.5183571873055383,-0.5189092679759779,0.03911980440097795,-0.012634770889487943,0.02510822510822508,0.013605442176870763,0.0076308259053383684
86,2016-05-31,0.019488254633820867,-0.01514158363922391,0.051916657073788335,0.07590361445783134,-0.0034146341463414664,0.02639442231075706,-0.10947368421052628,-0.10947368421052628,-0.1071428571428572,-0.10909090909090913,0.3515981735159817,-4.202614379084968,-0.6449234259784458,-1.1164807930607188,0.03088042049934292,-0.010014775898867123,0.003733876442634232,-0.002842524161455362,0.00136986301369868,0.06718346253229979,-0.058029689608636977,0.03764705882352937,-0.022521753966899816,-0.01942567567567577,0.013422818791946293,-0.08464174963277303
87,2016-08-31,-0.011217049915872137,-0.02901830282861895,-0.016086671043992085,0.0009331840238895328,-0.007586882036221265,0.09910237748665708,0.4763593380614657,0.4763593380614657,0.5,0.48979591836734704,-0.3910472972972973,-0.8448979591836735,0.8130990415335464,-6.0957446808510625,-0.15264499681325686,-0.0728026533996683,0.033479878254988105,0.014253135689851868,-0.0013679890560874821,-0.07384987893462458,-0.07306590257879664,0.03628117913832196,0.0036655611799616405,-0.0008613264427217437,0.013245033112582849,-0.02991940660437908
88,2016-11-30,0.07071280015125736,0.09747069710055524,0.14881548214881546,-0.025731866492634703,0.012988080558980595,-0.0972298863260126,-0.3258606885508407,-0.3258606885508407,-0.31999999999999995,-0.31506849315068497,0.33564493758668523,-5.105263157894737,-1.4008810572687225,-4.507306889352818,0.6318164723580293,-0.03255231622250032,0.037303664921465966,0.014052838673412005,0.02054794520547953,-0.031372549019607836,-0.0587326120556414,0.0393873085339167,-0.05391304347826077,0.0,0.019607843137254832,0.12645664081167518
89,2017-02-28,0.02207310612749436,0.01211666978951964,0.009778294123341968,0.008803827751196147,0.03237847926641235,0.030806845965770213,0.3551068883610451,0.3551068883610451,0.3529411764705881,0.3600000000000001,0.10799584631360326,-3.3205128205128207,-2.4725274725274726,-1.1892857142857145,-0.07328877621571794,0.0027731558513588443,0.04006309148264986,0.023281596452328083,0.034899328859060434,-0.01754385964912275,-0.019293924466338264,0.0378947368421052,0.010110294117646969,0.03620689655172416,-0.012820512820512886,0.0032960219299675853
90,2017-05-31,0.004621630960608192,-0.008886146251157023,0.0404314477468839,0.0385126162018592,-0.02476025782109736,0.02905597722960152,-0.1165644171779141,-0.1165644171779141,-0.1159420289855072,-0.11764705882352955,-0.16682286785379574,-0.2817679558011049,-0.11641791044776115,-0.33018867924528306,-0.05297189753792586,0.012352507374631116,0.03670003033060354,0.018418201516793083,-0.020752269779507167,-0.02197802197802201,-0.042277103390540034,0.03651115618661272,-0.029299363057324838,0.0266222961730449,-0.012987012987012991,-0.045634920634920584
91,2017-08-31,0.01668171460509904,0.008156403710852356,0.07393311647023038,0.10632078918523936,-0.0333682598533086,0.04529215166532219,-0.057539682539682564,-0.057539682539682564,-0.049180327868852514,-0.05000000000000005,-0.3532058492688413,-0.9769230769230768,0.6858108108108107,0.8544600938967135,-0.10372899159663862,0.01365871425969778,-0.06729081334113518,-0.0957446808510638,-0.026490066225165587,0.0351123595505618,-0.03059440559440552,0.03522504892367895,-0.049118860142482235,-0.07050243111831445,-0.02631578947368418,-0.0887495313724821
92,2017-11-30,0.017253774263120025,0.024085968379446543,0.05517418911961558,0.11459709379128148,-0.019594763612107102,-0.056890848952591,-0.1926315789473684,-0.1926315789473684,-0.18965517241379304,-0.1929824561403508,1.3008695652173912,16.833333333333332,-0.7835671342685371,-3.2556962025316456,0.26106065045414595,0.0021559468199785488,-0.007528230865746387,-0.03352941176470592,-0.01632653061224476,0.02985074626865658,0.07033363390441827,0.037807183364839465,-0.0362776025236593,-0.02964254577157799,0.0,-0.08119833937988563
93,2018-02-28,-0.062481812512991015,-0.07399589916777227,0.03846466617874289,-0.1432592592592593,-0.1680557918013268,0.050268880056114185,-2.2007822685788785,-2.2007822685788785,-2.212765957446808,-2.2391304347826084,-0.4051398337112623,-4.5140186915887845,9.342592592592592,-1.7205387205387206,-0.14916356877323422,0.16081032628182146,-0.5034766118836915,-0.5301278149726111,-0.16044260027662516,0.1805006587615285,0.1807076663858469,0.03642987249544638,-0.11252045826513912,-0.5408805031446541,0.0202702702702704,0.08084344215582506
94,2018-05-31,-0.0007094714437744233,-0.01439270595897102,-0.003625685199686757,0.04444060176379039,0.003066857493355224,0.08960373998219051,-2.234527687296417,-2.234527687296417,-2.245614035087719,-2.1929824561403506,1.8843710292249043,-1.3324468085106382,-0.3791405550581916,-1.914330218068536,0.16029492080830154,0.055598455598455436,0.13558243157224714,0.07901554404145061,0.009884678747940523,0.2566964285714284,1.3003924366749913,0.03514938488576447,0.0036883356385430943,0.03913894324853229,0.039735099337748325,-0.056342271768604964
95,2018-08-31,-0.002351792687255938,0.024250033038192058,0.060304785557660175,0.11059602649006628,-0.08357113738279652,0.016242721422004225,-0.0395778364116095,-0.0395778364116095,-0.02816901408450712,-0.014705882352941237,-0.4268722466960353,0.3320000000000001,0.3208363374188896,-2.647359454855196,-0.2275829606966345,0.13269934162399433,0.15302690582959633,0.08763505402160865,-0.07667210440456762,0.1216696269982238,0.0531947890818858,0.03395585738539908,-0.08153422140560407,0.048964218455743946,0.03821656050955413,-0.07774584929757332
96,2018-11-30,0.008628741715963173,0.004193277853041799,0.033874434808390814,0.08497316636851515,-0.029248220640569426,-0.05770004020908725,-0.22435897435897434,-0.22435897435897434,-0.21739130434782594,-0.22388059701492533,0.17140661029976936,-1.2642642642642643,-0.20414847161572047,-1.1458117890382626,0.04296160877513722,0.0046499612503227965,0.12299465240641715,0.05408388520971297,-0.019434628975265045,0.08788598574821838,-0.07627742600500664,0.036124794745484363,-0.03750937734433602,0.01615798922800704,0.036809815950920255,-0.0744330967630259
97,2019-02-28,0.010759800679102094,0.014775793395862769,0.0008603383997705105,0.0004122011541631832,0.02657807308970095,0.025282696820994262,0.2998819362455727,0.2998819362455727,0.2962962962962961,0.3076923076923077,-0.2992125984251969,0.4090909090909092,-0.32990397805212623,0.9290780141843972,0.079462459830558,-0.016842375932116238,0.9818181818181816,0.9308900523560212,0.0270270270270272,0.0029112081513826826,-0.062330623306232964,0.03486529318542009,0.01584827227851382,0.9063604240282686,0.01183431952662728,0.014353843276603941
98,2019-05-31,0.0347279787094803,0.04615092428462897,0.05133954154727794,0.08034610630407912,0.00881598035933484,0.05961918634897523,-0.10172570390554037,-0.10172570390554037,-0.1142857142857142,-0.08823529411764708,0.8820224719101124,-2.153225806451613,0.05015353121801437,1.834558823529412,0.20866035182679288,0.09232378710605472,-0.014416775884665832,-0.04772234273318876,0.01228070175438578,0.06313497822931803,-0.4430465827949678,0.03369065849923425,-0.025063938618925863,-0.0454124189063948,-0.005847953216374324,-0.031666282553583835
