Unnamed: 0,Quarter end,Assets,Current Assets,Liabilities,Current Liabilities,Shareholders equity,Revenue,Earnings,Earnings available for common stockholders,EPS basic,EPS diluted,Cash from operating activities,Cash from investing activities,Cash from financing activities,Cash change during period,Cash at end of period,Price,ROE,ROA,Book value of equity per share,P/B ratio,P/E ratio,Equity to assets ratio,Net margin,Asset turnover,Current ratio
0,1996-09-30,0.004783913995020317,0.022738725947738958,-0.30414038742480354,0.09021842355175692,1.8041131105398456,0.0,0.0,0.0,0.0,0.1499999999999999,-1.4517669531996182,-0.7315288953913679,-1.6314566972680014,-1.8875536480686688,-0.2125912408759124,0.3118110236220473,0.04318181818181799,-0.01418969380134416,1.833333333333333,-0.5374149659863945,-0.09748427672955984,1.7911262798634815,0.15277777777777768,-0.06122448979591855,-0.061879646164707876
1,1996-12-31,0.004783913995020317,0.022738725947738958,-0.30414038742480354,0.09021842355175692,1.8041131105398456,0.0,0.0,0.0,0.0,0.1499999999999999,-1.4517669531996182,-0.7315288953913679,-1.6314566972680014,-1.8875536480686688,-0.2125912408759124,0.3118110236220473,0.04318181818181799,-0.01418969380134416,1.833333333333333,-0.5374149659863945,-0.09748427672955984,1.7911262798634815,0.15277777777777768,-0.06122448979591855,-0.061879646164707876
2,1997-03-31,0.0032353238885369784,0.008963537426625034,-0.030210004883834518,-0.09475416182733254,0.051576824349101484,0.015302681859837854,0.27018502943650136,0.27018502943650136,-0.05714285714285705,0.1499999999999999,-1.4517669531996182,-0.7315288953913679,-1.6314566972680014,-1.8875536480686688,0.23962920046349945,0.3118110236220473,0.04318181818181799,-0.01418969380134416,0.045751633986928164,-0.5374149659863945,-0.09748427672955984,0.048178038640254384,0.15277777777777768,-0.06122448979591855,0.11456903802735853
3,1997-06-30,0.1611398847559471,0.10570234667617906,0.20665140614780908,0.2015930717416872,0.10047425592384007,0.1232557875495306,0.3813938089720246,0.3813938089720246,0.3636363636363635,0.1499999999999999,-2.6786469344608883,53.93188010899184,1.3471711332983007,-0.6605415860735009,0.06561974200785192,0.3421368547418968,0.04318181818181799,-0.01418969380134416,0.08749999999999991,0.2849264705882353,-0.09748427672955984,-0.05226318245450301,0.15277777777777768,-0.06122448979591855,-0.07979505103864637
4,1997-09-30,0.6030161427357691,0.5098992599079013,0.35125232388602523,0.4650798594118433,0.9709896934984276,0.3390830157783551,0.05739964050329549,0.05739964050329549,-0.2444444444444445,0.1499999999999999,-2.6908760145535964,-0.2905753968253968,2.158731343283581,40.26495726495728,3.864912280701754,0.3989266547406083,0.04318181818181799,-0.01418969380134416,0.4022988505747127,0.2861230329041489,-0.09748427672955984,0.2296898079763663,0.15277777777777768,-0.06122448979591855,0.030602555248618657
5,1997-12-31,0.13934696106419975,0.17922759750417794,0.16253780555310438,0.2842827036251996,0.1161093247588425,0.38358387524107496,2.110607434270172,2.110607434270172,0.02941176470588225,0.1499999999999999,-1.6906397417859802,-0.13536568312124175,-1.0314692749308951,-1.5458436895885117,-0.28510638297872337,0.15601023017902804,0.04318181818181799,-0.01418969380134416,0.10245901639344268,-0.17575083426028926,-0.09748427672955984,-0.02042042042042036,0.15277777777777768,-0.06122448979591855,-0.08179419525065967
6,1998-03-31,0.035276849259309406,0.0379056855292732,-0.01615468751617366,0.006223369793957323,0.08895595056322203,-0.17660184455240555,-0.2299256776450015,-0.2299256776450015,0.17142857142857149,0.1499999999999999,-0.2454164170161773,-0.6909267345948569,2.006756756756757,-1.1806223121679738,0.07203389830508478,-0.19966814159292026,0.04318181818181799,-0.01418969380134416,0.08921933085501865,-0.27395411605937925,-0.09748427672955984,0.05191089311260999,0.15277777777777768,-0.06122448979591855,0.03147235905856593
7,1998-06-30,0.3738066587124764,0.19142882675805484,0.7080286595052974,0.2118509049380337,0.05864942623764002,-0.02321998860368657,0.12650801911340315,0.12650801911340315,0.12195121951219524,0.1499999999999999,1.1302207400349369,40.602040816326536,-40.36054931335831,2.9936974789915967,0.2683512140033879,0.13545266067726325,0.026506899055918742,-0.01418969380134416,0.030716723549488067,0.04275092936802971,-0.09748427672955984,-0.22945405090343896,0.1376936316695354,-0.13043478260869554,-0.016847970283894953
8,1998-09-30,-0.004178880362359583,-0.028847982054175825,-0.07546573202006457,-0.18140498111334324,0.10427489262007028,0.03939045525923968,-0.0937381882323296,-0.0937381882323296,-0.13043478260869568,-0.13043478260869568,-1.4660802147010583,-0.9565542788500846,-0.9414992482824682,-1.9615991583377168,-0.2034501947690596,-0.4388314059646987,0.060488149982313326,0.029545454545454538,0.10596026490066213,-0.4563279857397505,-0.5344947735191637,0.1089258698940998,0.11951588502269272,-0.07999999999999996,0.18634462285791376
9,1998-12-31,0.01768143312668502,0.0018284917816657753,-0.042385209038920624,0.0012933607481595555,0.0941907633816681,-0.12267952763356682,-0.8887807590713194,-0.8887807590713194,-0.875,-0.875,-4.8453294945617404,-4.023595830920671,-7.470722186076772,0.8291393143690737,-0.4671883004983466,-0.2809110629067245,-0.3252168112074717,-0.32744665194996325,0.02694610778443129,-0.3475409836065574,-0.3832335329341317,0.07526148249204168,-0.20540540540540544,-0.15760869565217395,0.0005307855626326409
10,1999-03-31,-0.10445688410536524,-0.16483583470339447,-0.1983789048911153,-0.27013830074142064,0.00024301776356439042,-0.31101572931737964,0.5466666666666666,0.5466666666666666,0.4000000000000001,0.4000000000000001,0.4770184268541242,-1.153396849715134,-0.4816583714577782,-1.134582793340644,0.11800699300699292,-0.1644042232277526,-0.2965892239248641,-0.2866520787746171,0.0,-0.18592964824120595,0.02669902912621369,0.11693804186931712,-0.17006802721088432,-0.13548387096774195,0.14429708222811688
11,1999-06-30,-0.06615402676684667,-0.09685029904126474,-0.15859638768584494,-0.16860174902921746,0.016433314292951362,-0.1411458586382064,-1.1045258620689655,-1.1045258620689655,-1.1428571428571428,-1.1428571428571428,0.10552254358050073,-8.86048689138577,0.02434450874527183,23.27037037037037,2.5617670054730257,0.0902527075812274,-0.4954321855235418,-0.4493865030674846,-0.014577259475218709,0.08641975308641969,0.4574468085106382,0.08841347974252177,-0.3913934426229509,-0.0970149253731344,0.08629710576859395
12,1999-09-30,0.08424367076117513,0.03931952641624692,0.20278717610166688,0.09355238637338292,-0.003425258420109101,0.05750652126088185,3.824742268041237,3.824742268041237,2.0,2.0,-0.7474271448950479,-3.71332142148104,-1.8764044943820224,-1.9308408362582024,-0.6580177807046428,0.30463576158940403,-0.8621169916434541,-0.8551532033426184,-0.00591715976331364,0.3238636363636365,1.5060827250608269,-0.0808836319359888,-0.835016835016835,-0.13223140495867758,-0.04959761004755514
13,1999-12-31,0.054729768901076836,0.09405853415330843,0.10699267314448746,0.2564261624134563,0.008080978188758525,0.3827239010009271,-1.0363247863247864,-1.0363247863247864,-1.0,-1.0,-1.0195663136661623,-0.9448159800980463,-0.9734586574474215,-0.8958654382110889,-0.2038641761345401,-0.09517766497461932,-0.6060606060606062,-0.5961538461538461,-0.11309523809523805,-0.0901287553648068,4.768608414239481,-0.0442846328538985,-0.5918367346938775,-0.03809523809523818,-0.12922988100202082
14,2000-03-31,0.24010655608830755,0.09570505209291437,0.08352787447448072,0.028307133533851614,0.3935784344744668,-0.013966084209168894,42.26470588235294,42.26470588235294,inf,inf,89.79381443298969,1.0175019888623709,35.149253731343286,-1.4467884130982367,0.11440780456341205,0.600280504908836,-0.5641025641025641,-0.5714285714285714,0.3926174496644297,0.8066037735849056,3.267433380084152,0.12376237623762387,-0.5,-0.01980198019801982,0.06552968911153689
15,2000-06-30,0.1947010201525745,0.2831869718921167,-2.8599960436692665e-05,0.2252232364595637,0.3431020328097529,0.17838490579198374,-4.216859279401767,-4.216859279401767,-3.4,-3.4,-2.309299420915181,-0.3739484752891693,-2.6321597477666843,-18.91261451726568,0.7430183765012299,0.2234881682734444,-10.411764705882351,-11.111111111111114,0.11325301204819273,-0.12271540469973895,2.6704484204714265,0.1242290748898678,0.0,0.0,0.04732602758668358
16,2000-09-30,0.048323696030673664,0.045663505770197066,0.07782510147317834,0.05248009080753846,0.03158482640922067,0.059266384269621275,-2.258241758241758,-2.258241758241758,-2.25,-2.25,-0.24100251495967395,8.707747218139827,-1.6912197589918132,-1.0375717995121567,0.03963971442802583,0.1597421203438396,-1.55625,-1.5824175824175823,0.02813852813852802,0.04166666666666674,0.0,-0.015987460815046983,4.4,0.0,-0.0064695009242143895
17,2000-12-31,0.05254693851348957,0.05658410907327816,0.1314973619151656,0.12463889685396246,0.005743125880772082,0.2709473500392909,-0.3491770238495129,-0.3491770238495129,-0.4666666666666667,-0.4666666666666667,-0.7908478062157221,-0.8716856265409403,-0.3497687726652693,17.232460732984293,0.6951730746197149,0.04138357010500293,1.089887640449438,1.150943396226415,0.00210526315789461,0.014285714285714237,-0.8490329512893983,-0.044440904746734684,1.1111111111111112,0.0,-0.06053156146179395
18,2001-03-31,0.09023421800399413,0.1318821213210013,0.19511108331639604,0.09606822385094872,0.02028659838426705,-0.00998065423848049,1.7713548387096774,1.7713548387096774,2.375,2.25,-9.156514613493579,4.319568515085116,3.3051575931232096,0.2467838272455778,0.5112932476035705,0.0996441281138789,1.2311827956989252,1.2017543859649122,0.016806722689075567,0.09577464788732404,-0.45017793594306055,-0.06417736289381559,1.1666666666666663,0.03030303030303028,0.032675578187990606
19,2001-06-30,0.09365743523245462,0.13748818518496495,0.1727765386150013,0.14419134317268867,0.03184715816906625,0.20638850646178453,0.17790297048142278,0.17790297048142278,0.14814814814814814,0.1923076923076923,1.5091591038478285,-0.5536263109533919,-0.2441644877584977,-2.1272744023216177,-0.3813738935294851,-0.105177993527508,1.053012048192771,0.9561752988047808,0.030991735537190257,-0.1182519280205655,-0.6130312837108953,-0.056465977912362075,0.8623481781376519,0.0490196078431373,-0.0058557633038833785
20,2001-09-30,0.04017955511253346,0.06614287789770956,0.034266105766884485,0.011955406938991107,0.04543029024426182,0.12006589543241585,0.14383967745760695,0.14383967745760695,0.16129032258064502,0.16129032258064502,-0.5120652377011985,-0.5530948324815446,-0.593763758726964,-0.2847335730630925,-0.4409512293430069,-0.4177215189873418,0.22417840375586875,0.17515274949083515,0.04609218436873741,-0.434402332361516,-0.7307091882247994,0.005097224844251569,0.10217391304347824,0.06542056074766345,0.053563432193173055
21,2001-12-31,-0.07215778593309963,-0.10927434416080327,-0.18550574582477253,-0.16848376901810502,0.027412591056534152,-0.043279541178113945,-0.020388416614831702,-0.020388416614831702,-0.02777777777777779,-0.05555555555555547,-3.89860225936158,-0.04653748411689962,-4.014515192568221,-2.201325411334552,0.9475486661860132,-0.10144927536231883,0.20805369127516785,0.2062391681109184,0.026819923371647517,-0.14432989690721654,-0.2881987577639751,0.10725018782870024,0.1755424063116371,0.026315789473684292,0.07120904989210741
22,2002-03-31,-0.007684331546732427,-0.017377934019102592,-0.05078986222101578,-0.12459747069153905,0.02233441685685955,-0.16480548285213092,-0.2526809651474531,-0.2526809651474531,-0.2571428571428571,-0.2352941176470589,-1.1151552326130036,2.018990504747626,-1.200231124807396,-1.6990203538139623,-0.34009717723276256,0.22926267281105986,-0.033333333333333326,-0.012931034482758563,0.02238805970149249,0.1987951807228916,-0.02268760907504364,0.030195080576759906,-0.02013422818791944,0.008547008547008517,0.12248199243071654
23,2002-06-30,-0.016123123528215433,-0.02821085220609398,-0.0769977906467807,-0.1748703435946234,0.023237826355596347,-0.04266477456772222,-0.1993863582723625,-0.1993863582723625,-0.1923076923076924,-0.1923076923076924,-3.1762681307875114,-0.9617061192959224,-2.3105040400153904,-1.4101639567317503,0.21138809999649388,0.1649484536082475,-0.10591133004926112,-0.06695778748180481,0.02189781021897796,0.14070351758793964,0.16488095238095224,0.0400131730610902,-0.046232876712328785,-0.02542372881355936,0.17771977050874166
24,2002-09-30,0.014201292975353663,0.02655859731140597,0.0128071186344616,0.024108114584685536,0.015014445867115755,-0.014664733209806881,0.04687223630682147,0.04687223630682147,0.04761904761904767,0.04761904761904767,-0.07425537523063598,6.4337175792507235,-0.9092288119005676,1.9417813899485816,0.5133429811866859,-0.2662912308930009,-0.13590449954086314,-0.09828393135725444,0.016071428571428736,-0.2819383259911895,-0.20337250894225856,0.0007916402786571908,-0.050269299820466684,-0.05217391304347807,0.002401126682520349
25,2002-12-31,0.35094692316877185,0.2519949294490549,0.9132726723298524,0.6877470933775318,0.013257312582505287,0.07279882484077294,-0.033171885559810765,-0.033171885559810765,-0.045454545454545525,-0.09090909090909084,1.6480374211917836,38.02830005815081,-109.71967654986523,2.724176815516464,1.2632827143021077,0.12390350877193004,-0.14877789585547285,-0.2006920415224913,-0.02636203866432341,0.10429447852760744,0.2764592687620269,-0.2499604492959975,-0.09262759924385633,-0.11926605504587162,-0.2581937950572357
26,2003-03-31,0.05890295032870041,0.030547015966739144,0.03532340054636185,0.06632275804699961,0.08335761824968603,0.2716561537035014,0.11644434088658473,0.11644434088658473,0.09523809523809534,0.1499999999999999,-1.1685662498847962,-0.7380442718292302,-0.949016982769307,-1.8020499000787256,-0.4476753029457993,0.04390243902439028,-0.05992509363295884,-0.11471861471861465,0.08303249097472931,0.07222222222222219,0.20804020100502507,0.023201856148491684,-0.09375000000000012,-0.02083333333333337,-0.03353308287018353
27,2003-06-30,0.014197777822550163,0.015545673683569294,-0.010681545306871931,0.008570391518454512,0.03938914145734573,-0.0502980566387522,0.062297819054575765,0.062297819054575765,0.04347826086956519,0.04347826086956519,-0.2819391288500092,-0.8845745487638405,0.06905271347986773,-0.9394454197104404,-0.04908125640672567,0.058878504672897236,0.009296148738379806,-0.044009779951100114,0.03166666666666673,-0.020725388601036343,0.09608985024958416,0.024737167594310442,-0.01379310344827578,-0.03191489361702116,0.006907186686799349
28,2003-09-30,0.01929317634549688,0.03786994620366513,0.014422482014730953,0.10095557310214807,0.023440622038523484,0.04880542198326454,0.1156188605108055,0.1156188605108055,0.12500000000000022,0.12500000000000022,-4.273350253807108,0.5717805519053876,-1.5654112081513831,-4.784912718204488,0.19535661995398448,-0.1253309796999117,0.026315789473684292,-0.02301790281329941,0.02100161550888524,-0.15343915343915338,-0.15483870967741942,0.004023335345000989,-0.00932400932400923,-0.01098901098901095,-0.057303299087486326
29,2003-12-31,0.04070841467483422,0.029072282750489675,0.06645654544192081,0.10314637549642368,0.01375656358308408,0.06367027677496995,-0.35806110768688915,-0.35806110768688915,-0.3703703703703704,-0.4074074074074073,-0.06683724897262933,2.5629637370676144,-2.633306516492357,-1.006423982869379,-0.0010498687664042274,0.03430877901109985,-0.06794871794871793,-0.0654450261780104,0.009493670886075778,0.012499999999999956,-0.020655590480467056,-0.025846523742736882,-0.09882352941176477,0.03333333333333344,-0.06714952954714681
30,2004-03-31,-0.001912396287391816,0.0007942875481385947,-0.022516209013346392,-0.042842453257852964,0.01933000681383201,-0.06437495521791436,-0.2480625471504012,-0.2480625471504012,-0.2352941176470589,-0.1875,-0.5262982966348151,-0.8721182612776441,-2.261550586149148,82.66666666666667,-0.08793133648624972,0.2858536585365854,-0.12792297111416784,-0.1204481792717088,0.015673981191222763,0.2777777777777777,0.3429619440623568,0.021390374331550662,-0.1044386422976502,-0.021505376344086002,0.045606269501487384
31,2004-06-30,0.007852319040835054,0.015117966313662912,-0.004651799151730751,-0.014044418158168924,0.02024908525092517,0.07527130923710956,0.950656694636994,0.950656694636994,0.9230769230769228,0.9230769230769228,-0.3484476407647781,0.16055045871559634,-0.5935498984850851,-0.2318418633159669,-0.07405711246694535,0.08573596358118363,-0.004731861198738141,-0.0031847133757960666,0.018518518518518386,0.06763285024154597,0.22123591669511788,0.012283527990334386,-0.014577259475218709,0.0219780219780219,0.029563829418092213
32,2004-09-30,0.04072829012457313,0.03889206537739853,0.039763971785133016,0.5251568790098462,0.041637052099885885,0.1599403997713451,0.3012110160377799,0.3012110160377799,0.28,0.28,7.193700363440572,-1.458300395256917,9.134486071085496,-3.1318571713544783,0.17050639777912502,0.09294199860237606,0.04912836767036444,0.051118210862619806,0.040909090909091006,0.07239819004524882,0.0796757058987978,0.0007957032027052777,0.014792899408283988,0.032258064516129004,-0.3188298338444946
33,2004-12-31,0.0973598624818348,0.15180977502765125,0.12065793971147287,0.23555991205738705,0.07531888343600879,0.08168791970166045,0.977074275036832,0.977074275036832,1.0,0.96875,0.4210050763089155,-0.5252263906856404,-0.5348056872037914,5.489379620099187,0.9450691746745724,0.1010230179028131,0.4818731117824775,0.4863221884498481,-0.46288209606986896,0.05907172995780585,0.03702744691869486,-0.020075531703438683,0.4489795918367348,0.02083333333333326,-0.0677848696254515
34,2005-03-31,1.4206869784591498,0.6804382259767687,0.7750097012029491,0.2299179308629693,2.09604786647772,0.21727154312209465,-0.3529625590694293,-0.3529625590694293,-0.46875,-0.4761904761904762,-1.4913408402506416,137.14713896457766,-2.8093646847874814,1.197485292421271,1.0679747722494746,0.21138211382113825,-0.2415902140672785,-0.1472392638036809,2.097560975609756,1.2509960159362552,-0.21672908863920093,0.2789046653144016,0.0663983903420522,-0.19387755102040816,0.36632875112785945
35,2005-06-30,0.02344113261395875,0.07627052077605834,0.04337370469153079,0.11849155798200385,0.011646239129329272,0.491839489507915,0.7191011235955056,0.7191011235955056,0.02941176470588225,0.06060606060606055,-1.5129411764705882,-1.1597633136094674,-0.2972972972972973,-0.8208661417322834,0.09251101321585907,0.05800575263662513,-0.06854838709677412,-0.016786570743405282,0.003499562554680757,-0.6584070796460177,-0.08033152693656354,-0.01141950832672478,0.020754716981132185,-0.03797468354430378,-0.03775783708192515
36,2005-09-30,-0.002365621719853994,-0.011677127426653056,-0.070024724468843,-0.18503118503118496,0.037276291976674036,0.0171094842477586,0.446078431372549,0.446078431372549,0.4571428571428573,0.4285714285714286,-1.146788990825688,0.7242798353909465,-4.679487179487179,-6.868131868131868,-0.4968982630272954,0.2931581332125055,0.0418470418470418,0.08780487804878058,0.032258064516129004,0.2901554404145079,0.2138648180242635,0.03962778758222374,0.12754158964879836,-0.039473684210526334,0.2127084090266842
37,2005-12-31,0.04875942211055273,0.10700044306601676,0.10841744772891126,0.31677018633540377,0.016356895340102318,0.1139506672058228,0.14802259887005653,0.14802259887005653,0.13725490196078427,0.15999999999999992,-32.6875,0.1431980906921242,-0.9895470383275259,-1.2946317103620475,0.2909987669543772,0.06587245970567635,-0.020775623268698085,0.0022421524663676085,0.0135135135135136,0.03212851405622485,-0.04026270702455748,-0.030864197530864224,0.013114754098360716,-0.013698630136986356,-0.15932090545938735
38,2006-03-31,0.04956202740136262,0.10683076512574208,0.06874542645743564,0.15111185983827502,0.03850555529063948,0.09757514157107594,0.1840551181102361,0.1840551181102361,0.18965517241379315,0.1724137931034484,-0.145956607495069,0.06889352818371597,-14.583333333333336,0.13559322033898313,0.2559694364851959,0.0976331360946745,0.2616690240452617,0.2572706935123044,0.03749999999999987,0.08171206225680927,0.12883070514727746,-0.010509554140127442,0.12621359223300965,0.12500000000000022,-0.038449354557693716
39,2006-06-30,0.08402881803267004,0.16564712972728635,0.13770017878200005,0.26181764964144594,0.051702367013338746,0.09630903558671776,0.2294264339152119,0.2294264339152119,0.21739130434782614,0.23529411764705865,2.2193995381062357,0.05078125,0.17177914110429435,3.71455223880597,0.9608365019011408,-0.03893381251871808,0.1905829596412556,0.17971530249110312,0.048995983935743004,-0.07194244604316535,-0.19820769636267774,-0.029771483746379057,0.1379310344827589,0.03703703703703698,-0.0762261664538979
40,2006-09-30,0.0780285582680793,0.14913913448115412,0.1345748771272861,0.22483182556251452,0.04079984282564554,0.0727042355496561,0.19405003380662605,0.19405003380662605,0.2023809523809524,0.19047619047619047,0.18113342898134865,0.17472118959107807,-0.7120418848167539,0.07241788682231888,0.5254993213108397,-0.030539108756622125,0.14971751412429368,0.11764705882352945,0.039816232771822335,-0.07751937984496128,-0.21334648257725186,-0.034665782053408416,0.09090909090909084,0.023809523809523725,-0.06178673323823102
41,2006-12-31,0.10106941426374004,0.11709522845380314,0.16705958625567274,0.26187207045120964,0.05363060531062547,0.16918836829967931,0.3544733861834655,0.3544733861834655,0.3465346534653466,0.3500000000000001,0.5851806863042819,4.72626582278481,-0.9636363636363636,-0.3701107011070111,0.21698233125715016,-0.03407264545162325,0.19656019656019666,0.1605937921727394,0.052282768777614175,-0.0714285714285714,-0.18972001671541994,-0.04295532646048117,0.12731481481481466,0.023255813953488413,-0.11474864582343434
42,2007-03-31,0.07215637577195566,0.11442725954567436,0.07618109739161172,0.1312847065886238,0.06863740420025888,0.04185308125270604,0.15342809364548504,0.15342809364548504,0.15441176470588225,0.14814814814814814,-0.4938697318007663,-0.7629179331306991,250.0,0.3637961335676625,0.243158554418216,0.10415973377703812,0.16427104722792607,0.13255813953488382,0.05738278516445061,0.049773755656108636,-0.1155234657039712,-0.003411131059245953,0.12217659137576994,0.011363636363636465,-0.01486769362889806
43,2007-06-30,0.06620407234671832,0.07508402905779032,0.04565931487564523,0.06795794501011576,0.08218616694297998,0.1012143879577041,0.1544037694816962,0.1544037694816962,0.14649681528662414,0.1548387096774193,-0.8073429220287661,2.1771561771561774,-0.2689243027888446,-1.6765463917525774,-0.13233070072256758,0.4098854731766124,0.13286302175191067,0.11498973305954815,0.0787557908669756,0.3362068965517242,0.15102040816326534,0.01513240857503151,0.09972552607502294,0.011235955056179804,0.006647052413642829
44,2007-09-30,0.10043354703548868,0.14850486611870295,0.11053269308441416,0.13195652173913053,0.0925036578018763,0.08159671265042556,0.14913657770800626,0.14913657770800626,-0.4277777777777778,-0.4301675977653632,7.1178781925343815,-0.6151870873074101,-0.1825613079019074,-3.8780952380952383,0.438946451050644,0.3386062419837537,0.10430721328489878,0.09484346224677707,0.09202453987730053,0.2387096774193547,0.11499493414387052,-0.00727595385980473,0.08402662229617297,0.011111111111111072,0.014613552717038347
45,2007-12-31,0.06778719878721651,0.11137454630605316,0.08920633637759634,0.10474910148426564,0.049551749673068635,0.030781159139368075,0.02923497267759556,0.02923497267759556,0.01941747572815533,0.0490196078431373,0.11253630203291376,0.06387035271687314,0.09000000000000008,-0.21508934480476505,0.2394347240915209,0.13685723411050787,0.03900375939849621,0.03532380151387726,0.04831460674157295,0.04166666666666674,-0.038618809631985496,-0.0169824812298891,0.04834996162701466,-0.01098901098901095,0.0060279526298943065
46,2008-03-31,0.08135436528572249,0.1147383391714294,0.09534939803736052,0.11701889885017502,0.07067583390878784,0.009966527511376944,0.05548181576851596,0.05548181576851596,0.06666666666666665,0.03738317757009346,0.3123776375897325,0.6433691756272402,-5.073394495412844,-0.16357504215851604,0.1615810620045608,-0.09889029358055901,0.017186793306196213,0.011372867587327471,-0.07931404072883175,-0.14,-0.1937618147448016,-0.01000181851245696,0.0358711566617862,-0.022222222222222254,-0.002067978153666661
47,2008-06-30,0.6237166520361819,0.11070158651403994,0.5755245821125543,0.27888570221659004,0.6650963237149827,0.2378789007224249,0.06061368209255536,0.06061368209255536,-0.0625,-0.06306306306306309,0.2489640311619425,10.658124318429662,-7.716966966966967,-2.636424731182796,-0.2276339160512293,0.18254091971940745,-0.13205869275233428,-0.1325301204819277,0.6559953434225845,0.2848837209302326,0.08616647127784316,0.025532696546656908,-0.0183745583038869,-0.11363636363636365,-0.13150903294367688
48,2008-09-30,0.02178501751169404,0.04322392631511773,0.005514350209609775,-0.0159588338577612,0.034902911803836416,0.0864568918837616,0.2987906094379891,0.2987906094379891,0.2571428571428571,0.2596153846153846,-0.5369608493696085,-0.9918151629951828,-1.2160500726500505,-1.231006160164271,0.06808278867102402,-0.10334827313472196,-0.058913934426229615,-0.0537037037037037,0.03514938488576447,-0.4592760180995474,-0.13437668645439838,0.012896292315959236,0.022318214542836445,-0.07692307692307697,0.060140715815233836
49,2008-12-31,-0.011787493846302509,-0.015435434210794631,-0.06404541227029281,-0.006536525041957453,0.027444407378176328,0.05498947834754686,0.0681029760817966,0.0681029760817966,0.06060606060606055,0.08396946564885477,0.6864431069074233,6.6742857142857135,2.322296947749612,-2.9742222222222217,-0.12584282395603152,-0.5227874154660394,-0.0321175830157866,-0.015655577299412915,0.02716468590831922,-0.5397489539748954,-0.5529925187032418,0.039610963748894834,0.02323943661971839,-0.04166666666666674,-0.008945060018467177
50,2009-03-31,0.02799517661683426,0.05517127117591025,0.017338267543859587,0.02569574108651196,0.03590547689188761,-0.0863996640596294,-0.19658119658119647,-0.19658119658119647,-0.19285714285714284,-0.20422535211267606,0.3341264445955132,-0.4117647058823529,-1.001557147306135,-4.10220621341738,0.4467202488981072,-0.13739987677141094,-0.08661417322834664,-0.07057654075546715,0.03404958677685953,-0.15454545454545454,-0.1994421199442119,0.0076543629869025845,-0.020646937370956686,-0.043478260869565084,0.028707855354335177
51,2009-06-30,-0.0063858695652173605,-0.02747791952894996,-0.06433142472212873,-0.10419556171983356,0.03333078510817211,-0.1353059465670784,-0.5319148936170213,-0.5319148936170213,-0.5309734513274336,-0.5309734513274336,-0.3630573248407644,4.632911392405063,-35.0,-0.9216255442670536,0.02419354838709676,0.2382142857142857,-0.12869458128078815,-0.10588235294117654,0.033248081841432235,0.19354838709677424,0.23344947735191626,0.04000675219446315,-0.07940969782150388,-0.03030303030303028,0.08564474131099288
52,2009-09-30,0.019280732941337364,0.05015136226034311,-0.030117590592752538,-0.03444939036191208,0.04830953613967592,0.0255813953488373,0.75,0.75,0.7547169811320755,0.7358490566037736,0.3680000000000001,-1.4606741573033708,-1.2352941176470589,15.777777777777779,0.3963254593175853,0.06633977502163235,-0.1208480565371024,-0.09569377990430616,0.047957920792079056,0.02702702702702675,0.189265536723164,0.02856679110534022,-0.05343511450381688,-0.046875,0.08764794827676092
53,2009-12-31,-0.03711653698238082,-0.0777361391371193,-0.09637510825188668,-0.16335939065945082,-0.004022582921665463,0.015225137674117262,0.023376623376623273,0.023376623376623273,0.010752688172043001,0.021739130434782483,-0.8157894736842105,-2.1365853658536587,-59.25,-1.629139072847682,-0.1785714285714286,0.22694076278063305,-0.13906752411575565,-0.1164021164021164,-0.004133451431945656,0.17543859649122814,0.3467933491686461,0.03424333280732195,-0.06774193548387097,-0.049180327868852514,0.10234899328859083
54,2010-03-31,-0.00306520527586851,-0.005521983746613834,-0.05722891566265065,-0.10301868711068518,0.02508325657195498,-0.03254626675175498,0.07106598984771573,0.07106598984771573,0.07446808510638303,0.07446808510638303,-0.24603174603174605,-0.721030042918455,-0.9227467811158798,-0.975438596491228,-0.005339435545385185,-0.0357142857142857,-0.0569561157796451,-0.025449101796407136,0.023717758671805592,-0.029850746268656688,0.09611992945326286,0.02822703692401607,0.002595155709342656,-0.0344827586206895,0.10867579908675797
55,2010-06-30,0.008478524177769398,0.029439497118910474,-0.010891664246296841,0.051549145299145234,0.01804105896177499,-0.0300131926121372,-0.049763033175355464,-0.049763033175355464,-0.04950495049504955,-0.04950495049504955,0.9684210526315788,-0.3384615384615385,0.2777777777777777,-6.7142857142857135,0.03067484662576692,-0.0916780978509375,0.10396039603960383,0.1305683563748079,0.017665797856935894,-0.11538461538461553,-0.059533386967015274,0.009496958005638769,0.13373597929249348,0.0,-0.02102455479720711
56,2010-09-30,0.026930894308943014,0.050885406065540366,0.002349141095286944,-0.01651003302006604,0.03788701792504079,0.023801428085685084,0.0074812967581048264,0.0074812967581048264,0.01041666666666674,0.0,1.4224598930481285,0.44186046511627897,-0.10869565217391307,3.775,0.14211309523809534,-0.01711552982632769,-0.007174887892376636,0.013586956521739245,0.03671030165054057,-0.034782608695651966,-0.12745936698032512,0.010730560047037985,0.0182648401826484,0.0,0.06851510537703343
57,2010-12-31,0.03684044802303088,0.02024017044354065,0.052878277427860006,0.17148760330578505,0.03022373413581048,0.05347060777150458,0.08910891089108919,0.08910891089108919,0.08247422680412386,0.09375,0.7814569536423841,8.241935483870968,-1.5121951219512195,-0.3115183246073299,0.08566775244299674,0.4235595390524969,0.0,0.010723860589812341,0.02662640680757611,0.3783783783783783,0.4078431372549021,-0.006399069226294296,0.024663677130044803,-0.017857142857142905,-0.1291060446977651
58,2011-03-31,0.0045986984815618035,0.01936402467963938,-0.06023928770172515,-0.08906525573192238,0.03435356870713746,-0.008196721311475419,-0.07499999999999996,-0.07499999999999996,-0.07619047619047625,-0.08571428571428574,-1.0309789343246591,-0.7853403141361257,-7.857142857142858,-2.038022813688213,-0.08190819081908196,0.3130059363194817,-0.03794037940379413,-0.026525198938991856,0.029411764705882467,0.2745098039215685,0.2771587743732591,0.029566744730679106,-0.01823486506199856,-0.018181818181818188,0.11905274488697515
59,2011-06-30,0.025911210917256792,0.045348728931930316,0.014211695040710516,0.028557599225556674,0.03075695254466204,0.11665607120152564,0.18181818181818188,0.18181818181818188,0.1752577319587627,0.17708333333333326,-37.48,1.4471544715447155,0.625,-2.3919413919413923,0.12418300653594773,0.006028223044252767,0.015023474178403884,0.023160762942779245,0.029350649350649464,-0.02051282051282055,0.018538713195201728,0.0048336650554450244,0.0022288261515601704,0.03703703703703698,0.016313966910350253
60,2011-09-30,0.03317056743559532,0.07233208622839826,0.066267698146256,0.11623529411764698,0.02048838594401436,0.06461713635069732,0.10602910602910608,0.10602910602910608,0.10526315789473696,0.10619469026548688,-0.3048245614035088,-0.4950166112956811,-0.9145299145299144,0.13157894736842102,0.125,-0.08388941849380371,0.04347826086956519,0.04793608521970705,0.02018672722684833,-0.10994764397905754,-0.12152034261241973,-0.012308998302206995,0.016308376575240983,0.017857142857142568,-0.03933520102975685
61,2011-12-31,0.03956160365058682,0.005981059976740255,0.06598220396988362,0.1416526138279932,0.028306291583985118,0.13877005347593574,0.07894736842105265,0.07894736842105265,0.07936507936507953,0.08800000000000008,-0.018927444794952675,4.802631578947368,2.3,-1.7790697674418603,-0.08656330749354002,-0.06377285565631041,0.042553191489361764,0.045743329097839736,0.027207519168934047,-0.08235294117647053,-0.12553321145642904,-0.01088669245093832,-0.008023340627279274,0.05263157894736836,-0.11881773399014794
62,2012-03-31,0.03025671173819312,0.05995045417010725,-0.002568383202773861,0.00535450516986713,0.0452352573925876,0.010331063629960058,0.05574912891986061,0.05574912891986061,0.051470588235293935,0.044117647058823366,-1.1028938906752412,-0.81859410430839,-1.8787878787878791,-0.5671641791044777,-0.04101838755304098,0.2538901238488409,0.06632653061224514,0.06439854191980565,0.04045268480616415,0.21794871794871784,0.17073170731707332,0.014627081824764687,0.019852941176470518,0.05000000000000005,0.0542933810375672
63,2012-06-30,0.05881234070072661,0.013867248363976348,0.14613106733616574,0.1902662993572084,0.02193744569939193,0.10016267720195217,-0.0016501650165016144,-0.0016501650165016144,-0.006993006993006978,0.0,2.953125,12.0625,14.465517241379313,9.158620689655171,-0.4345132743362832,-0.1092820058249968,0.026315789473684292,0.015981735159817267,0.021291367738949463,-0.14210526315789473,-0.1886904761904762,-0.03482729089351977,-0.019466474405190892,0.03174603174603185,-0.14821413421566146
64,2012-09-30,0.029784787841770518,0.05017673274934675,0.008649741631094221,-0.12343774108933805,0.04006376195536654,0.12357414448669204,0.011570247933884392,0.011570247933884392,0.014084507042253502,0.007042253521126751,-1.541501976284585,-0.8023923444976077,-0.9442586399108138,-0.8540393754243041,-0.11215440792905584,0.06084731305089575,0.0007770007770007138,-0.0056179775280899005,0.03897575345569915,0.036809815950920255,0.00440205429200291,0.009908311150547132,-0.05294117647058827,0.06153846153846133,0.1980577689243028
65,2012-12-31,0.0984578884934757,0.1471427526157898,0.2393362289787282,-0.005632811124801962,0.033973638500051084,0.06880992667794694,0.0915032679738561,0.0915032679738561,0.0902777777777779,0.09090909090909104,4.839416058394161,0.8523002421307506,30.56,-8.52093023255814,0.9500587544065804,-0.015679442508710784,0.00388198757763969,-0.014689265536723116,0.034678298800436165,-0.05325443786982242,-0.046749452154857485,-0.058720164006442976,-0.03493788819875776,0.014492753623188468,0.15367668454088212
66,2013-03-31,0.0658112056917799,-0.04362801377726755,0.1571710999281093,-0.0182333156310851,0.01531696230050894,-0.06649076517150397,-0.2485029940119761,-0.2485029940119761,-0.248407643312102,-0.2500000000000001,-0.3675000000000001,2.313725490196078,-0.2636248415716096,-1.5429808286951143,-0.26453751129858394,-0.04424778761061944,-0.06728538283062646,-0.09862385321100907,0.013701517706576904,-0.07500000000000008,-0.07739463601532581,-0.04729309271935278,-0.08769106999195486,-0.014285714285714348,-0.02587014484398653
67,2013-06-30,0.0011026344021933812,0.015139389088968837,-0.018249592296342262,0.013162639740353477,0.015085892257530762,0.055398530243075284,0.057768924302788786,0.057768924302788786,0.05932203389830515,0.05982905982905984,-0.2806324110671937,-0.9491124260355028,-1.2874354561101549,-0.8701594533029613,-0.0467021712412945,-0.033475783475783616,-0.05555555555555558,-0.0750636132315522,0.014556040756914081,-0.04729729729729737,0.00996677740863805,0.013879817112997905,-0.06878306878306882,0.0,0.0019233614440006266
68,2013-09-30,0.032149554966808484,0.06793246173050392,0.02420503084954917,0.12422139170670946,0.03681863943621466,0.0335654347437957,0.19774011299435035,0.19774011299435035,0.19199999999999995,0.2016129032258065,1.771978021978022,0.1472868217054264,0.3922155688622755,-4.631578947368421,0.17791147400085938,0.09977892409727353,-0.014047410008779626,-0.035763411279229766,0.03545808567329378,0.08510638297872353,0.13651315789473695,0.00450958286358505,-0.011363636363636244,-0.02898550724637672,-0.050059066745422376
69,2013-12-31,0.004008882992530215,0.010335281451860913,-0.035990114303367286,0.05714738008548359,0.027881814398668325,0.06615995854206247,0.03459119496855356,0.03459119496855356,0.033557046979865834,0.033557046979865834,0.5044598612487612,0.027027027027026973,0.4365591397849462,0.6787439613526569,0.253557095950383,0.08590190297507361,-0.02760463045414064,-0.02853067047075608,0.02692003167062551,0.045751633986928164,0.0738060781476122,0.023889690556357042,-0.024904214559387072,0.0,-0.04426395150007778
70,2014-03-31,0.01918878547627245,0.047981489374657516,0.016503765422207994,0.06289308176100628,0.02100764732343685,-0.06399870382371997,-0.10486322188449848,-0.10486322188449848,-0.10389610389610393,-0.11038961038961036,-0.6785243741765481,-0.17105263157894735,-0.842814371257485,-0.637410071942446,0.07334109429569269,-0.05689250894730346,0.011904761904761862,0.023494860499265743,0.0196607555898225,-0.08125000000000004,-0.0532345013477088,0.001722518008143048,0.015717092337917515,0.0,-0.014028382059935729
71,2014-06-30,-0.04658962795941378,-0.07018767067573063,-0.021989281210592737,-0.02578191039729505,-0.060140106622020524,-0.09035831746581267,0.050933786078098515,0.050933786078098515,0.050724637681159424,0.05109489051094873,0.7848360655737705,3.1904761904761907,0.5047619047619047,-0.21825396825396826,0.05341648590021686,0.03153624705574454,0.030769230769230882,0.034433285509325666,-0.06275992438563327,0.013605442176870763,-0.004982206405694023,-0.014225418164764747,0.05222437137330749,-0.0149253731343284,-0.04561200923787523
72,2014-09-30,0.013096047535992028,0.04167968505905152,0.01950197437343859,0.04135936370209682,0.008953684605287782,0.06317792578496673,0.12924071082390953,0.12924071082390953,0.12413793103448276,0.12500000000000022,-0.4041331802525833,-0.7291666666666667,-0.17721518987341767,0.045685279187817285,0.05302445302445302,0.0309526829887099,0.026338893766461924,0.0277392510402219,0.008269463493344231,0.10067114093959728,-0.0042918454935623185,-0.004123057405645447,0.034007352941176634,0.0,0.0003456918157462852
73,2014-12-31,-0.02065946892325654,-0.030473905218956213,0.01098727373330166,0.02402444104985424,-0.03860985922036887,-0.13710399140862714,-0.14878397711015734,-0.14878397711015734,-0.14723926380368102,-0.14197530864197538,0.41811175337186895,1.1468531468531469,6.3076923076923075,-3.6941747572815533,-0.13566365191884622,-0.162667651039744,-0.007698887938408894,-0.01484480431848856,0.009801960392078255,-0.1707317073170731,-0.18103448275862066,-0.018312101910828,0.03733333333333322,-0.045454545454545525,-0.053218142548596026
74,2015-03-31,-0.03390739526845843,-0.05339685682465045,0.0400312744331508,-0.0958774071060483,-0.07998260197177652,-0.00020742584526034505,-0.4789915966386554,-0.4789915966386554,-0.4532374100719424,-0.4532374100719424,-0.8451086956521741,-0.5146579804560261,-0.5410526315789475,-0.07747747747747746,-0.14479638009049778,-0.1735488611315209,-0.0715517241379311,-0.09178082191780823,-0.02773375594294769,-0.18382352941176472,-0.15263157894736845,-0.047688564476885735,-0.07026563838903166,-0.031746031746031744,0.04694771420750077
75,2015-06-30,-0.036978781149765605,-0.07399176416759268,-0.08134115170651035,-0.14924253787310635,-0.005778221358407332,-0.18900414937759336,-0.06774193548387097,-0.06774193548387097,-0.013157894736842146,-0.02631578947368418,0.7017543859649122,-0.17449664429530198,0.286697247706422,-0.0625,-0.15873015873015872,-0.07628022759601705,-0.12349117920148568,-0.13122171945701355,0.00468622656886719,-0.04504504504504503,0.03209109730848868,0.032362459546925626,-0.08847926267281102,-0.049180327868852514,0.08846472305748021
76,2015-09-30,-0.05114491593274617,-0.08710383285099177,-0.06530278232405895,-0.08444992947813823,-0.042320494531621455,-0.15425940138142746,-0.4636678200692042,-0.4636678200692042,-0.4533333333333334,-0.4459459459459459,1.11340206185567,-0.1382113821138211,0.6791443850267379,0.4541666666666666,-0.27437106918239,-0.19461020211742053,-0.25529661016949146,-0.2621527777777777,-0.0216994524437234,-0.19811320754716988,-0.06920762286860592,0.009404388714733702,-0.19110212335692625,-0.08620689655172398,-0.0028826520398766986
77,2015-12-31,-0.09798163899014443,-0.08752802907291424,-0.10129574505340566,-0.1817831696514539,-0.0961602118503807,-0.17664851784633995,-10.825806451612904,-10.825806451612904,-10.951219512195122,-10.951219512195122,0.4975609756097561,0.28301886792452824,-0.7622080679405521,-1.335243553008596,0.12676056338028174,-0.11496175908221805,-1.6031294452347082,-1.6023529411764703,-0.09639303482587057,-0.09411764705882353,0.20905172413793127,0.0019614253023863,0.0,-0.07547169811320764,0.11519775145553113
78,2016-03-31,-0.07375116931711878,-0.1485467333276841,-0.18938139308329272,-0.19157448811485056,-0.0017090886894952642,-0.19581190301249085,-0.9218647406434668,-0.9218647406434668,-0.9215686274509804,-0.9215686274509804,0.01140065146579805,-0.24264705882352944,2.84375,-2.371794871794872,-0.15432692307692308,-0.17715365919524714,0.6202830188679245,0.66796875,-0.0050470291351228935,-0.09090909090909094,0.0,0.07781402936378456,0.0,-0.12244897959183675,0.05321523727226896
79,2016-06-30,-0.03918558616789203,-0.08399681528662417,-0.08688859512077872,-0.1420669577874818,-0.014490981351268696,-0.21242576518958434,0.8235294117647058,0.8235294117647058,0.8124999999999998,0.8124999999999998,-0.7938808373590982,-0.11650485436893199,-0.8501742160278746,-0.6947040498442367,-0.05571347356452527,0.05579258286839517,0.4818049490538574,0.5222482435597189,-0.015909614941203576,0.05714285714285716,0.0,0.025730286060239086,0.0,-0.11627906976744184,0.06768767947490795
80,2016-09-30,-0.06685166498486372,-0.05356366797044765,-0.03843116609634112,-0.11265693926026465,-0.0806551681350044,-0.04524361948955913,5.276497695852536,5.276497695852536,5.241379310344828,5.241379310344828,-0.546875,-0.08791208791208792,-0.023255813953488413,0.5408163265306123,-0.09090909090909094,0.062169723344731136,0.987229862475442,1.033846153846154,-0.08083411433926901,0.08108108108108114,0.0,-0.01475579164822194,0.0,-0.10526315789473684,0.06659836065573765
81,2016-12-31,-0.047490312697125336,-0.09585581448742964,-0.02313167259786475,0.16520076481835555,-0.05925226076393575,0.0279465370595382,-0.4757709251101322,-0.4757709251101322,-0.4806629834254144,-0.4806629834254144,1.6379310344827585,1.5421686746987953,-0.8015873015873016,-0.3245033112582781,-0.06754966887417213,0.05004389815627741,-0.2209589718240238,-0.2057488653555221,-0.061687484068314924,0.13749999999999996,0.0,-0.012430732364834496,0.0,-0.058823529411764726,-0.22406340057636887
82,2017-03-31,-0.011163670766319744,-0.016759776536312887,-0.03054504693848958,-0.06399737446668853,-0.0013629842180774565,0.02895981087470445,-0.8291316526610644,-0.8291316526610644,-0.8297872340425532,-0.8297872340425532,-0.27450980392156865,-0.8009478672985781,-0.48,-1.696078431372549,0.05042613636363648,0.09169453734671128,0.04251269035533012,0.04476190476190478,-0.004889975550122272,0.16483516483516492,0.0,0.009857446163178851,0.0,-0.03125,0.05048746518105851
83,2017-06-30,-0.0008132414848832648,-0.00038739669421483663,-0.007804596039890144,-0.0003506311360448322,0.0022986854392643696,0.010338885697874778,-0.38524590163934425,-0.38524590163934425,-0.375,-0.375,0.5135135135135136,1.5238095238095235,0.3846153846153846,-0.2816901408450704,0.034482758620689724,-0.08450344651519026,-0.02312842361533773,-0.0264357338195077,0.002184002184002054,-0.07547169811320764,0.0,0.003153626670671095,0.0,0.032258064516129004,-3.6828343092931703e-05
84,2017-09-30,0.0022502034758462575,0.010851311200103408,-0.011944646758922041,-0.0031567870922483143,0.009388661936501121,0.043206367254121636,-0.6533333333333333,-0.6533333333333333,-0.6499999999999999,-0.6499999999999999,0.3809523809523809,-0.6603773584905661,0.16666666666666674,2.764705882352941,0.12549019607843134,-0.07445621862799777,-0.5819314641744548,-0.5814606741573034,0.009534186870062687,-0.08163265306122447,0.0,0.007185628742514938,0.0,0.0625,0.014032115497937479
85,2017-12-31,-0.034775962548963424,-0.07769968051118215,-0.10865398791095382,-0.17171006333567904,0.0007100255609202577,0.07302452316076291,-0.4615384615384616,-0.4615384615384616,-0.4285714285714286,-0.4285714285714286,0.3836206896551724,0.6944444444444444,24.857142857142854,-2.484375,-0.1655052264808362,0.01958421211208217,-0.7481371087928466,-0.7449664429530201,0.0005396654074472097,0.011111111111111072,0.0,0.03671224732461354,0.0,0.02941176470588225,0.11350016344023528
86,2018-03-31,-0.009700089082450793,-0.0042954136067617785,-0.030929540191862337,-0.09430756159728126,-0.0008514261387824185,-0.0883697308278314,3.8571428571428568,3.8571428571428568,3.5,3.5,-1.4018691588785046,0.0,-0.9668508287292816,-0.2947368421052632,-0.13987473903966596,0.049940898345153695,-0.23076923076923075,-0.2192982456140351,-0.0059331175836030425,0.05494505494505497,0.0,0.008888888888888946,0.0,0.02857142857142869,0.09938678322134507
87,2018-06-30,-0.012593703148425785,-0.024770386863345432,-0.011776753712237631,0.02908067542213888,-0.012924300525493536,0.17325905292479105,-1.3529411764705883,-1.3529411764705883,-1.3333333333333333,-1.3333333333333333,-2.8527131782945734,3.9016393442622967,-0.8888888888888888,-0.5074626865671642,-0.08009708737864074,0.12834224598930488,-0.5384615384615384,-0.5280898876404494,-0.014378730330982137,0.13541666666666674,0.0,-0.0002842120221685507,0.0,0.05555555555555558,-0.05230677940958317
88,2018-09-30,0.0068326753720011615,0.03039383561643838,0.021934369602763404,0.037374658158614286,0.0004316546762590523,0.02279202279202286,-0.9583333333333334,-0.9583333333333334,-1.0,-1.0,-0.20502092050209209,-0.8929765886287625,-5.0,-2.575757575757576,0.13720316622691284,0.13569468695435272,-0.31666666666666665,-0.30952380952380953,-0.0016515276630881814,0.14678899082568808,0.0,-0.006396588486140664,0.0,0.05263157894736836,-0.006730949846596945
89,2018-12-31,-0.004876087065802004,0.008032128514056325,-0.0016900456312320955,0.0285588752196837,-0.0062562922479505465,0.11327762302692655,11.0,11.0,inf,inf,0.16315789473684214,1.03125,-3.25,-0.14102564102564108,0.1036349574632638,-0.2213924884691412,-0.4634146341463414,-0.4482758620689654,-0.006341328921974143,-0.21600000000000003,0.0,-0.0012875536480686511,0.0,0.07499999999999996,-0.019951460900810014
90,2019-03-31,0.010406142655081885,-0.04684709438109636,0.043169121381411824,-0.101665954720205,-0.003907663362037739,-0.19099249374478733,-7.416666666666668,-7.416666666666668,-6.0,-6.0,-1.171945701357466,0.6461538461538461,0.11111111111111116,-2.171641791044776,-0.11002102312543792,-0.18561354019746126,0.3181818181818181,0.25,-0.010266370699222982,-0.18367346938775508,0.0,-0.01418134937688009,0.0,0.0,0.061008554705087814
91,2019-06-30,-0.28262173782621736,-0.024791006053617733,-0.04868549172346637,0.05611031859248694,-0.3889575009081002,0.09896907216494856,68.987012987013,68.987012987013,69.55,69.55,0.9210526315789472,-0.5420560747663552,-0.05000000000000005,-0.10191082802547767,-0.11732283464566927,-0.15240734326290273,149.72413793103448,146.29999999999995,-0.38884216428371177,-0.13750000000000007,0.0,-0.14821272885789016,0.0,0.09302325581395343,-0.07659664757054951
