,Assets,Current Assets,Liabilities,Current Liabilities,Shareholders equity,Revenue,Earnings,Earnings available for common stockholders,EPS basic,EPS diluted,Cash from operating activities,Cash from investing activities,Cash from financing activities,Cash change during period,Cash at end of period,Price,ROE,ROA,Book value of equity per share,P/B ratio,P/E ratio,Equity to assets ratio,Net margin,Asset turnover,Current ratio
68,0.04248587762303013,0.06570487525123392,0.14089743589743597,0.15749519326393946,0.007070520657916024,0.12021452145214528,-0.8737806240226376,-0.8737806240226376,-0.9389312977099237,-0.9389312977099237,0.30205887664800435,0.7549852609675742,-2.604026845637584,0.20407715914072777,0.0916819067907313,-0.07547169811320764,-0.23712948517940724,-0.261904761904762,0.0,-0.34571428571428575,0.17085933115446839,-0.03399510470492251,-0.3096234309623431,0.06857142857142873,-0.07932577849728606
67,0.04248587762303013,0.06570487525123392,0.14089743589743597,0.15749519326393946,0.007070520657916024,0.12021452145214528,-0.8737806240226376,-0.8737806240226376,-0.9389312977099237,-0.9389312977099237,0.30205887664800435,0.7549852609675742,-2.604026845637584,0.20407715914072777,0.0916819067907313,-0.07547169811320764,-0.23712948517940724,-0.261904761904762,0.0,-0.34571428571428575,0.17085933115446839,-0.03399510470492251,-0.3096234309623431,0.06857142857142873,-0.07932577849728606
66,0.06202250482071814,0.057269809923475634,0.1567030003371166,0.157774150127445,0.023422020134920007,0.0,0.0,0.0,0.0,0.0,0.30205887664800435,0.7549852609675742,-2.604026845637584,0.20407715914072777,0.10112111338156504,-0.346938775510204,-0.23712948517940724,-0.261904761904762,0.0,-0.34571428571428575,0.17085933115446839,-0.036317567567567655,-0.3096234309623431,0.06857142857142873,-0.08678113363673978
65,0.039063816747108016,0.05714685967779598,0.08235779861077375,0.08618215999604217,0.01911455302385967,0.3667476860376617,1.6672566371681414,1.6672566371681414,1.5,1.5,-0.11040987585824258,-0.23377136646576424,-0.04435146443514648,0.13125796468232287,0.1038887217039488,0.8124999999999998,-0.23712948517940724,-0.261904761904762,-0.0357142857142857,0.8078602620087334,0.17085933115446839,-0.019281332164767684,-0.3096234309623431,0.06857142857142873,-0.026730094008381333
64,0.10643741382742622,0.056460589783910775,0.1681588690676541,0.1735823274880437,0.07623210050074669,0.135048231511254,-1.7328024773280246,-1.7328024773280246,-1.7000000000000002,-1.5499999999999998,0.8414282373119202,1.5343649258542875,0.08143607705779332,-0.16301898937882198,0.07876961289150053,0.3706896551724139,-0.23712948517940724,-0.261904761904762,0.07407407407407396,0.42270531400966194,0.17085933115446839,-0.027256478999106326,-0.3096234309623431,0.06857142857142873,-0.09980992280538414
63,0.05863459167693996,0.06704018062466033,0.03734224629747018,0.03925716059923934,0.06994469726343278,0.14267175210090688,-0.003018412315122232,-0.003018412315122232,0.0,-0.09090909090909083,-0.06917866215071977,-0.2631525389233744,-0.6461538461538461,0.5268217650451836,0.11148549046034617,0.39622641509433976,-0.23712948517940724,-0.261904761904762,0.034482758620689724,0.30050933786078105,0.17085933115446839,0.010718113612004254,-0.3096234309623431,0.06857142857142873,0.02671722830302503
62,0.10794138382515861,0.08890142787730593,0.17223117234227736,0.17671552609466912,0.07483239717340107,0.12441483615412308,0.33726914925825,0.33726914925825,-0.3571428571428572,-0.5,0.42631674702083133,0.5734014638862035,3.922196796338673,0.3504596398438484,0.1354553492484527,0.5180180180180178,-0.23712948517940724,-0.261904761904762,0.03333333333333344,0.46605744125326365,0.17085933115446839,-0.029995455234055557,-0.3096234309623431,0.06857142857142873,-0.0746243599429195
61,0.08647705838238307,0.0720567702560706,0.22753696448881588,0.22978784176200828,0.007248819959541519,0.2363121266243764,-2.310844464568712,-2.310844464568712,-2.2222222222222223,-3.1999999999999997,0.07784049236263901,0.10655665759677002,-0.20595072059507202,-0.04009697873927642,0.11451264823013774,0.41246290801186936,-0.23712948517940724,-0.261904761904762,0.0,0.36687444345503106,0.17085933115446839,-0.07293456192409797,-0.3096234309623431,0.06857142857142873,-0.12826560232220618
60,0.06777072994723721,0.0655419648491522,0.05892572193339163,0.0568774193548387,0.07382514864567269,0.19877453422337354,-1.4993091537132988,-1.4993091537132988,-1.5454545454545454,-1.3636363636363638,-0.054260355029585816,-1.757634647418101,0.2804449648711944,4.173499125704294,0.5315606659480177,-0.04201680672268915,-0.1288343558282209,-0.1483870967741936,0.06451612903225823,-0.04169381107491854,0.17085933115446839,0.005727762803234393,-0.21818181818181825,0.09625668449197855,0.008220603537981264
59,0.15399156680199622,0.11244888830085498,0.10366157473233928,0.10282267910338438,0.18796449723557496,0.17721760956109067,5.546177793151159,5.546177793151159,5.0,6.249999999999999,0.5412625915034723,-2.8388211275715856,-0.8751714677640603,-0.7301712483100495,0.09364980057871275,-0.2171052631578947,2.8943661971830985,2.8371212121212124,0.21212121212121215,-0.26444595513256286,0.17434762381402158,0.029480737018425573,2.5736434108527133,0.07317073170731736,0.008721230261121038
58,0.06856308644228193,0.06103562913082139,0.05167534712663935,0.05070297796966683,0.07915343184642998,0.01587783457117853,-0.7057331571994716,-0.7057331571994716,-0.6944444444444444,-0.7586206896551724,-0.33959162133636434,-0.22728954934950318,4.241758241758242,-0.5250521920668059,0.03960932937657158,-0.42296918767506997,-0.029535864978902926,-0.03455083909180656,0.04999999999999982,-0.5240295748613678,-0.9358823529411765,0.00992515457207932,-0.07375271149674623,0.040909090909090784,0.009822479152811203
57,0.007105042634227399,-0.07104501830837062,0.06239137263113803,0.061805921399220365,-0.02668236468457863,0.07121263716789561,-2.5826898904650744,-2.5826898904650744,-2.545454545454546,-3.4285714285714284,-0.09509174170943846,0.41355045499760523,-0.8001397624039134,-2.265787545787546,-0.049518230435455446,-0.23786407766990292,-0.19751552795031058,-0.19631901840490795,-0.023809523809523836,-0.27378640776699026,-0.2903950571054109,-0.03351055260190117,-0.22248243559718972,0.03493449781659397,-0.12508232433253974
56,0.059728214147691805,0.048087751959364766,0.026865348037331538,0.02613717551798045,0.08164982611611116,0.06719216296872976,-1.6448831404583617,-1.6448831404583617,-1.6470588235294117,-1.5294117647058822,0.23947967258771174,-0.09672122602168476,10.583916083916083,-1.5961338117837713,0.031057398897613053,0.3566878980891719,0.07043343653250767,0.07633587786259532,0.07317073170731714,0.39037433155080214,0.7105540897097626,0.020670111685280768,0.06626506024096379,0.00843881856540074,0.021366531557614366
55,0.03562710249769285,0.052153175625668124,-0.04381208311339313,-0.04501498887921862,0.08593412871581996,0.059697137333811545,0.2220267417311752,0.2220267417311752,0.18181818181818188,0.22222222222222232,-0.08730202225023287,-0.2416539227284531,0.17355870811952911,1.1192233009708739,0.06383501392040802,0.431924882629108,-0.5835140997830803,-0.5780141843971631,0.06818181818181812,0.3326923076923076,0.17615301557920726,0.0485056344928958,-0.5847457627118644,0.012552301255229992,0.10176313849991492
54,0.31037865340529347,0.2697662543377901,0.38943089430894307,0.39321553339071436,0.2662980209545984,0.08571739990936056,4.50115174200979,4.50115174200979,4.461538461538461,3.8181818181818183,0.913414194788039,0.4995434137432464,0.49871399176954734,1.7623236210371998,0.16697271917574752,0.23606557377049198,3.0451388888888893,3.042016806722689,0.23404255319148937,0.15728715728715725,2.460983606557377,-0.03364485981308418,3.1904761904761907,-0.03305785123966942,-0.08860759493670878
53,0.07750335224483873,0.04772026870093682,0.12075504410203064,0.1209852675034706,0.05104043279175441,0.18422901949180748,-0.8847452304310277,-0.8847452304310277,-0.8873239436619719,-0.8679245283018868,-0.09587020648967548,0.16584202380046187,-0.34202848807276476,-0.48557118216797135,0.07306742801145782,0.0026525198938991412,0.17467811158798274,0.17394317394317382,-0.017241379310344862,-0.18703241895261846,-0.8209549071618036,-0.024500322372662753,0.1915584415584417,-0.012820512820512775,-0.06537940379403806
52,0.30479329168204194,0.4495143349522168,-0.05663733926326986,-0.057743803206836364,0.5405971404541632,0.06793053907177216,2.8685286103542236,2.8685286103542236,2.6249999999999996,2.571428571428571,-0.19636597133039468,-0.11202037129736431,27.281168492436098,6.346508478947708,0.5002392817158037,0.11375661375661372,-0.03544026306174641,0.015348288075560657,0.35087719298245634,0.1334355828220859,-0.22031746031746025,0.18060145406477202,0.09673024523160745,-0.07359307359307354,0.5383593089283558
51,0.07388553417903232,0.06756194439190466,0.11774552808865923,0.11804413495083499,0.05636351725380373,0.0693500340504114,-0.24980923871573635,-0.24980923871573635,-0.34482758620689646,-0.28,0.32727233463623207,-0.041127450980392166,-0.9566632850687079,-0.7626846415124148,0.07913035334882434,-0.22565320665083144,-0.09848484848484862,-0.07499999999999996,0.051948051948051965,-0.4276048714479025,-0.35477741585233447,-0.01623512946116168,-0.00993788819875785,-0.06542056074766356,-0.045158250215974305
50,0.10567677817048504,0.08434448510987269,0.18935638268608912,0.19057495599512553,0.07030436456564937,0.08315295956241453,0.1626633283780612,0.1626633283780612,0.10526315789473673,0.16666666666666674,0.3418209625459634,0.5336639231123153,0.961693977442009,0.17197381559968927,0.08593836866526905,0.138036809815951,-0.4130252100840336,-0.4022627278441231,0.061728395061728225,0.08274231678486998,0.06058056373580145,-0.03201024327784885,-0.38268506900878285,-0.03500000000000003,-0.08920052640236875
49,0.026825826777861828,-0.005006792431690554,-0.008542000740101141,-0.008922340486024583,0.043439213347786554,0.10131189288432463,-0.33620457604306864,-0.33620457604306864,-0.33333333333333326,-0.33333333333333326,-0.2357434734633993,3.1640499999999996,-0.47472336732479925,-6.74243428318975,-0.45444147541393,-0.09164420485175195,-0.023622047244094446,-0.001051524710830698,0.04651162790697683,-0.14410480349344978,0.31812772709242343,0.01616696061140499,0.028455284552845406,-0.025906735751295318,0.003928297286313942
48,-0.020492393338772397,-0.03683789496402545,-0.12797424652421385,-0.12877045289770028,0.027480078851653378,-0.005328835320319691,1.5932684509326847,1.5932684509326847,1.714285714285714,1.6428571428571428,0.14425105903631663,-0.636247563469859,-4.204460966542751,-0.8116413514167015,-0.15689972443215627,-0.04747774480712175,0.10263929618768342,0.10842105263157897,0.04444444444444429,-0.0892857142857143,-0.1330123382485705,0.049030951692218494,0.09090909090909083,0.015957446808510634,0.10551407753890452
47,0.01943001796504973,0.018871325230776614,0.1280473668253883,0.1245203043709926,-0.021714507038130382,-0.032009298864313585,-0.38498827208756836,-0.38498827208756836,-0.368421052631579,-0.3783783783783784,0.07548425562596184,-0.4256555275580154,0.9171178138695539,-0.8722721437740693,-0.023769966663409026,-0.1588785046728971,0.017952127659574435,0.015194681861348425,0.0,-0.196078431372549,-0.2710864283234987,-0.0403970770715566,0.01449275362318847,0.0,-0.09393816110659081
46,0.03656377714087067,-0.004269479200034398,0.13971405835823325,0.1317347416840582,-0.008491430307661862,0.028516321282298973,0.0027968471904398218,0.0027968471904398218,0.0,0.0,0.019892992973635115,0.10910588731153137,-0.20725475694210982,-0.4597989949748744,-0.013153211274498866,0.31481481481481466,0.004572175048987548,-0.0009354536950419989,0.07446808510638303,0.31707317073170715,0.24571428571428577,-0.04353448275862071,-0.008928571428571397,0.005235602094240788,-0.12020115845718649
45,-0.09480696114494147,-0.21695812086466348,0.064613378585201,0.06768402830046671,-0.17484892594062895,0.07880802368077267,-0.1520030425963489,-0.1520030425963489,-0.125,-0.08695652173913049,-0.0172043282601001,-1.07472535065294,2.8388109070862133,2.572938689217759,-0.04762199967312708,0.20845070422535228,0.10078023407022108,0.06928838951310845,-0.18811881188118817,0.12433862433862441,0.1834862385321101,-0.08832807570977919,0.03603603603603611,0.03645833333333326,-0.2665611922016944
44,0.10303443188919514,0.10115218817642768,0.11429564159916605,-0.09511200014099153,0.09573956273052864,0.0350447448211586,0.9867693227687249,0.9867693227687249,1.0476190476190474,1.0,0.0051191685852829405,-26.35668053629219,-1.0756492825027895,1.923076923076923,-0.14616335974530892,0.11421911421911424,0.04843473124630826,0.0,0.10975609756097571,0.371764705882353,0.03908268733850129,-0.0065908716427747205,-0.013913043478260945,0.010050251256281229,0.21689513603785393
43,-0.09755689812901402,-0.16087527912817345,0.006255822202127392,0.012231165125598187,-0.16594430265340387,0.010825972856575827,-0.23356785432108051,-0.23356785432108051,-0.20930232558139528,-0.2142857142857142,-0.06288310192590696,-0.8231154221326794,-13.645005841121495,0.32651821862348185,-0.22707898731018994,-0.09832635983263616,0.14309859154929572,0.08318739054290725,-0.13186813186813184,-0.18696397941680953,-0.13957102890892137,-0.07580029855697457,0.02645502645502651,0.054726368159204064,-0.17103156450137236
42,0.05994349904545282,0.1993264205723766,0.048902644035233145,0.03909778776173822,0.0687183876022448,0.053699574236159675,0.11423101467772812,0.11423101467772812,0.11764705882352944,0.09090909090909083,-0.2501263126271661,0.04056073803020155,-0.9264721166837966,-1.865466198687624,0.2542681395932713,-0.18793503480278417,0.15524889107934947,0.10347615198059823,0.07594936708860756,-0.06540084388185663,-0.2561416184971098,0.008255563531945231,0.04467353951890041,0.05660377358490565,0.15416982824032566
41,0.01736721331637403,0.009497934690286591,0.042745142933110714,0.049514621534416214,-0.0024283101208394386,0.09594960997789181,-0.014759009604370377,-0.014759009604370377,0.0,0.0277777777777779,0.19519612484976512,2.2029717682020804,3.0387937804303435,-1.8728003667524773,-0.17693610997919662,0.49428571428571444,0.11518771331058031,0.08937728937728928,0.0117647058823529,0.3882618510158016,0.3467702768334142,-0.019401922392310422,0.05592105263157876,0.03125,-0.038130528328950586
40,-0.05835260658079333,-0.06115983336987507,-0.05221591834710981,-0.06848747094343954,-0.06335616438356162,0.03656704677516753,0.45074453338103115,0.45074453338103115,0.47368421052631593,0.45945945945945965,0.14731918394709975,-0.3234830209686398,1.3026638148940308,0.11757575757575767,-0.24024806524741382,0.1816443594646271,0.11553175210405509,0.08742434431741763,-0.05813953488372081,0.16910569105691065,0.054093040028849515,-0.0054456344164093284,0.014018691588785215,0.07359307359307365,0.00789113955511378
39,-0.16868780543013173,-0.3141077287747691,-0.028745768285118545,-0.036290284393851846,-0.28414685653156413,0.03576665385585143,-0.07095521375951674,-0.07095521375951674,-0.0357142857142857,-0.03703703703703709,0.03995909803192488,-1.3563510023086243,1.1220846773512574,0.1480115690527839,-0.36302317339461077,-0.004854368932038722,0.18141289437585706,0.14223871366728513,-0.24691358024691368,0.05563282336578568,-0.07937050975025661,-0.13889395875159705,0.043010752688172005,0.09677419354838723,-0.2882682941865483
38,0.3812054107544536,0.7492743507460782,0.8489318236903154,0.11225813425575604,-0.14237172806435772,0.05062866326337678,0.02561295245678652,0.02561295245678652,0.07407407407407396,0.0769230769230771,0.3512405664593736,-10.830147530468249,-2.0022840316740282,-3.4723499401650186,1.409031354882711,0.2308943089430895,0.22060957910014523,0.04872766648619398,-0.13114754098360648,0.6350461133069829,0.09996283909327386,-0.37897414158541753,0.022091310751104487,0.025735294117646967,0.5727154612386314
37,-0.046254858518185005,-0.07657908630627253,0.043627533599255974,0.07544319230990104,-0.26316767348086556,0.11050249470241291,0.04396208714780192,0.04396208714780192,0.051724137931034475,0.05357142857142838,-0.28733568330230497,-0.7453083809672957,-1.7205142049514857,-1.6924605449195613,-0.40501698652997975,0.17173051519154536,0.32580261593341264,0.07692307692307687,-0.24528301886792447,0.3489121676067686,0.054054054054053946,-0.22764505119453915,0.02449567723342927,0.05017921146953408,-0.14137798094398846
36,0.07046042453026646,0.16251337152011125,0.0314500017944086,0.060464906119196415,0.2038027737077044,0.052979247060253476,0.34850644521566676,0.34850644521566676,0.360655737704918,0.35593220338983067,-0.20102901395003447,-0.706215412994466,-0.7650617678498617,-1.5052333388517924,0.34392256545748245,0.6234498308906429,0.3009865470852018,0.043624161073825496,0.19999999999999996,1.1505376344086025,0.4618589743589743,0.1246133451171012,0.02250351617440227,0.020477815699658786,0.09621552277100709
35,0.10996264978990511,0.11565484635712964,0.1178662831605235,0.20893452687601433,0.08681499094202905,0.064253134264042,-0.1275764608561778,-0.1275764608561778,-0.12048192771084332,-0.1250000000000001,-0.29916019385248627,-0.5111188628237551,0.4465969323138983,-0.7895215903298624,0.05386342672393707,0.33819444444444446,0.11664138976975047,-0.048231511254019366,0.08333333333333348,0.11527777777777781,0.19732514799386092,-0.020825147347740658,-0.011004126547455195,-0.03678929765886296,-0.07712112346401412
34,0.27494310532622435,0.30212474631638186,0.19642647170711802,0.24501853531000584,0.5114676390154969,0.0771900458950252,0.24041931150736162,0.24041931150736162,0.2191780821917808,0.24285714285714288,1.3328675965614418,9.698537281484125,-2.389656290531777,13.079052067116416,0.7195865898079712,0.32174364296834446,-0.013705395727867664,0.0033783783783785104,0.5,0.21992528019925284,0.23200878959897464,0.18579454253611538,0.03477051460361591,-0.02777777777777779,0.0458407304083186
33,0.11009533972733032,0.12580210837687433,0.17713899202633887,0.2618232071213318,-0.0497718531589032,0.2057836428257389,0.27896804331670033,0.27896804331670033,0.2808988764044942,0.27586206896551735,0.18082428179880217,0.2284080298786182,-3.0236600788669294,-1.5415832217321326,-0.22663355595658585,0.1806046329014528,0.011767651477215813,0.027417027417027562,-0.03846153846153855,-0.21294405879951006,0.05692627824019025,-0.14416243654822325,0.06317204301075274,-0.03571428571428559,-0.10779023946650501
32,0.4407542552293733,0.3434607997206216,0.5183678631152191,0.4821177276787718,0.21148838322658325,0.09749733144249628,0.13250211677983836,0.13250211677983836,0.14035087719298267,0.1351351351351351,-0.25730938851301977,-0.5256328469630132,-0.6926598099806291,-1.5623411978221415,0.1647930115211509,0.19288327236448288,-0.032170254887404104,-0.0941011235955056,0.21333333333333337,0.24072632944228278,0.014625228519195677,-0.15895610913404512,0.0164348925410871,-0.1074074074074074,-0.0935652646599171
31,0.24884875656796068,0.22762428773606325,0.2721421184012731,0.33198570541991357,0.1626121891783472,0.04213616362967754,-0.08435218576831738,-0.08435218576831738,-0.08461538461538465,-0.07936507936507942,-0.42667145106028337,0.18976222495636508,-0.10118176702307258,-1.645796353074068,-0.09136621253717037,-0.17870086423194864,-0.05522884172845821,-0.12196382428940578,0.16483516483516492,-0.32322809951913023,-0.27456687456687456,-0.0691114245416079,0.01243781094527363,-0.13278008298755195,-0.078335832083958
30,0.5646725714967389,0.5383892117807301,0.5423193148259033,0.2655971387424765,0.6552251565589979,0.06538506933839838,-0.43613512648094777,-0.43613512648094777,-0.4453781512605042,-0.4482758620689654,0.321717712139872,1.7803323633390251,-17.654019534184823,-22.79247876061969,2.191307734345065,-0.5373387644263408,-0.25412719891745594,-0.3078281341965863,0.5660377358490565,-0.6027185665739883,-0.5857852502865877,0.05757575757575761,-0.13267813267813278,-0.200956937799043,0.21553477023180156
29,0.13399698161994222,0.12446848661583076,0.1610094189465321,0.1808988167878176,0.03203434918560699,-0.006605944664934471,-1.1301570175189528,-1.1301570175189528,-1.121212121212121,-1.125,-0.708108025539975,0.17479607988997392,-0.9898946608621118,-1.3212260716517512,-0.22056950751201154,0.06676449009537766,-0.4228955007256895,-0.45578231292517,0.030120481927710774,-0.3188180404354588,0.12592250922509218,-0.08978032473734487,-0.31869688385269124,-0.20359281437125742,-0.047775175644028
28,-0.0006231936649735426,0.038394339064505845,-0.009581985739017695,0.03606775855657074,0.03741924202821223,0.022272017070767536,-2.344677137870855,-2.344677137870855,-2.375,-2.375,0.03050918415406345,-0.9194577998335997,-1.0290178571428572,-1.0558535083570555,0.01580587486615892,-0.13755158184319116,-0.4762653253693807,-0.4828125000000001,0.03508771929824572,-0.16324200913242004,0.20688242523555922,0.038300104931794365,-0.40332640332640324,-0.13533834586466176,0.002248612184667209
27,0.0950303166210984,0.040805319524648276,0.10821579720035102,0.066303764768048,0.041576458895769663,0.017911226625489274,0.2451330304996755,0.2451330304996755,0.27272727272727293,0.18181818181818188,-0.9923826934795856,2.0646311363013075,0.3504273504273505,-6.105128614794696,-0.0794354768540041,-0.20574162679425823,-0.6062424969987995,-0.6102719033232629,0.039548022598870025,-0.2319236016371078,0.29327902240325865,-0.049014653865588564,-0.5609756097560976,-0.11304347826086947,-0.023908013741849365
26,0.04176003516037596,0.007088931415386357,0.04243994084074565,0.04861837177915729,0.03882735338429777,0.04436027838146295,0.028925081433224697,0.028925081433224697,0.0,-0.07692307692307698,-108.90666666666667,0.9579704092590382,-12.594936708860759,1.5038963477607736,-0.21606111834252417,0.09136546184738936,-0.6280487804878049,-0.6356589147286822,0.032608695652173836,0.04973357015985802,1.496325459317585,-0.002656748140276277,-0.6190476190476191,-0.03921568627450989,-0.03964947565005039
25,0.09964968786937134,0.1411595280416602,0.10149890621698754,0.007630408502523389,0.09164559477784207,0.08328264068664115,-0.6594909459288337,-0.6594909459288337,-0.6428571428571428,-0.5833333333333333,-0.24842456443840355,1.7319276649552857,174.53602620087335,-2.5968602747259615,0.4401100964204885,0.8942042318307268,0.3524590163934427,0.34042553191489366,0.08947368421052637,0.8341793570219966,4.412154347597519,-0.0074587107085776205,0.35416666666666674,-0.020408163265306145,0.13253552729992513
24,0.026920517985400405,0.005170701184936011,-0.04935851756295828,-0.010925473466791846,0.3600641638342812,0.044348368736699895,9.959836370397918,9.959836370397918,9.2,8.799999999999999,-3.7902178380600082,-0.2879528889533295,-0.8477557823510022,-1.3707968065122105,-0.11331870991816784,0.41476444876153473,0.7121212121212122,0.8253968253968254,0.29468599033816445,0.29797047970479706,-0.033822243807673624,0.32420826623725185,0.8615384615384616,-0.01041666666666663,0.016312244089287997
23,0.09386239047873901,0.1085295927903196,0.09535220727859595,0.15858091894455018,0.08931443115278093,0.034250943544435364,0.0797733365002884,0.0797733365002884,0.05882352941176472,0.061224489795918435,0.022095866599888048,-0.8929474879586482,-0.06462550297187442,-2.443396027272919,0.18446738139301488,0.30552694816340553,0.31504424778761075,0.4086956521739129,0.08208955223880587,0.008528784648187626,-0.3224554630634977,-0.004053506282934771,0.4297520661157024,-0.010526315789473717,-0.043212684384950295
22,0.10430608049864065,0.07352213437930599,0.10334099279001241,0.1132049633720833,0.10726853043499918,0.062595897464645,0.5216202627113318,0.5216202627113318,0.5,0.5,0.19217133139249998,-5.73385031823835,0.3086144775630528,1.426350580596098,0.37787662621624585,0.26216145148566916,0.35800807537012114,0.4506172839506173,0.10000000000000009,0.1663143058491896,-0.15496928509956387,0.002849002849002913,0.48554913294797686,-0.031914893617021156,-0.03565607171964136
21,0.11741997275597527,0.1726256659963521,0.12031031119867075,0.05080765368909068,0.10857921009987548,0.0807152642461475,0.09694140971892362,0.09694140971892362,0.09876543209876543,0.10256410256410242,-0.12091392649903288,-0.10923084055820853,6.645608063008944,2.3300484000265205,0.9132511798203202,0.15645833333333337,0.26065411298315166,0.327659574468085,0.10344827586206895,0.051359516616314105,-0.25836698858647933,-0.008116883116883078,0.36964980544747084,-0.02197802197802201,0.11592365659553505
20,0.04591784601658766,0.022749069918902354,0.032029993776462096,0.031573302091795874,0.08884654461233343,0.055364624053904965,0.33706109385296057,0.33706109385296057,0.3258426966292134,0.33720930232558133,0.5408564591985479,-1.5023161401134648,-0.9378571147961745,-0.8972026389856738,0.049068210289861414,-0.03458836245721486,0.14229559748427678,0.15384615384615374,0.08806818181818188,-0.12528735632183896,-0.3296713703949238,0.04132569558101462,0.18749999999999978,-0.03370786516853941,-0.008520037866834973
19,0.07153331219247083,0.042280788795054036,0.07152875978267725,0.09144310965927294,0.07154664985199144,0.051495553216299284,-0.1650708271142527,-0.1650708271142527,-0.1610169491525424,-0.16521739130434776,-1.6682671712123376,-0.29502987600594066,0.0768798510869948,-1.5463077085607635,-0.025552524863207027,0.20208994215338683,0.038540949759118925,0.050000000000000044,0.06788511749347248,0.10512483574244413,-0.037581237637750675,0.0,0.06698564593301448,-0.011627906976744207,-0.04506683640992992
18,0.04106056227132093,0.03059697940254469,0.028789808160951225,0.04492526450225709,0.07701084253110668,0.05342293916982155,0.40603760856733273,0.40603760856733273,0.3939393939393938,0.4062500000000002,0.027297737653249277,1.5055607270589388,-0.20452025308199073,1.2434975988655044,-0.058830290639840355,-0.13117044396150268,0.06030483764082173,0.07671957671957674,0.07334963325183375,-0.1866825208085613,-0.2331180270111568,0.0345776031434184,0.08744394618834073,-0.0117647058823529,-0.013731502466337808
17,0.3094917121450387,0.40568445025198785,0.41017356797333604,0.12980661276065897,0.027725562897936706,0.05954019860876869,-0.7157764690359958,-0.7157764690359958,-0.717391304347826,-0.7185185185185186,2.3119783676971477,-0.16266791810875814,61.417859046369564,-20.267178094786594,1.204345694355644,0.025192067178845923,-0.16437499999999994,-0.20638820638820632,0.02505694760820054,-0.044590643274853736,-0.11006891271056662,-0.21534371439422706,-0.15670103092783505,-0.05952380952380942,0.2441876182752094
16,0.04482759068487341,0.011094670283167352,0.03974323090831611,0.0701996012428674,0.06435161275792023,0.045492137008471545,0.11136900742741385,0.11136900742741385,-0.8461538461538461,-0.8421052631578947,0.4236155814793299,0.12862547288776804,-0.9589164456390228,-1.1199736945903163,-0.06554770555533151,0.38846287905193444,-0.23410620792819747,-0.27244582043343657,0.05999999999999983,0.3542463657230297,0.5619488061948805,0.01887705711519838,-0.22982885085574567,-0.05063291139240511,-0.05519039600195552
15,0.027075066124722103,-0.005498963487253872,0.016550772906388733,0.037685217304349594,0.06655413801163834,0.056947371365129396,0.11760015188912099,0.11760015188912099,0.16666666666666674,0.16666666666666674,0.08065378867670647,-0.017608110904200336,0.16318928166019164,0.10894627264534984,-0.07778768824066906,0.34793523283544614,-0.2011718750000001,-0.225531914893617,0.0628930817610065,0.2717514124293787,0.6643255525717828,0.038479809976247115,-0.1968253968253968,-0.040000000000000036,-0.04162594147070664
14,0.028902408537406332,-0.024754058243216526,0.029745453222107976,0.05632518888687388,0.025888217603508012,0.0488841462186953,0.4670426746398477,0.4670426746398477,0.4285714285714286,0.4285714285714286,0.2488965091417521,-0.14570652288380126,-1.2399593149517552,0.7155098495250372,-0.14470154393631196,0.06872148244715515,-0.27995110024449876,-0.3076923076923077,0.02366863905325456,0.005775211017325699,0.25898804352323035,-0.003202195791399687,-0.28458498023715406,-0.02777777777777779,-0.07678924950506938
13,0.10383381305124795,0.020618427641462267,0.12101042115084448,0.11446205034870571,0.04219029551691844,0.07371281055078804,-0.3594423085830747,-0.3594423085830747,-0.4,-0.4,-0.06600747717011579,-1.105100959049333,-1.8538778783365792,-0.33328541980418613,-0.1127964495144611,-0.1194563039121721,-0.01697792869269954,-0.023809523809523836,0.042389210019267765,-0.14001766784452307,0.16818375998159762,-0.055530059660394704,-0.02209944751381221,0.0,-0.08421599844044447
12,0.029410845447375822,-0.028304949857824058,0.026006812042560723,0.030049836893740967,0.042551180653822795,0.07532578447758032,0.47353387808229086,0.47353387808229086,0.6666666666666667,0.5,-0.010048558554617393,-1.6793338024865119,0.18145837525994502,0.050140626990582415,-0.13351179010792125,-0.027013655254304436,0.06735751295336789,0.0650406504065042,0.04066543438077619,-0.0662557781201849,-0.04618976623815019,0.01263362487852282,0.04519774011299438,0.014285714285714235,-0.05662385581494367
11,0.06502182644130028,-0.0358321771372796,0.06981061539237676,0.08874197061727807,0.046829376521731136,0.08786986914332284,0.26406575880260097,0.26406575880260097,0.19999999999999996,0.33333333333333326,1.0413402093745718,-9.279005524861878,-0.055246422893481695,0.9679403132713384,-0.3032277081798084,-0.05542560764771687,0.11326860841423958,0.09923664122137388,0.04618117229129659,-0.09240924092409242,-0.1439820685994042,-0.017274472168905874,0.07567567567567579,0.014084507042253502,-0.11440391124482885
10,0.1003675448100636,0.10134941170332157,0.11085727857938155,0.039727025743498956,0.05964255747210512,0.08180682109940318,0.29564997961837847,0.29564997961837847,0.3333333333333335,0.3333333333333335,0.20612805531442335,0.018601935268601988,61.65232285594086,-2.181737784131997,0.5142794054220261,0.2215762273901809,0.09156976744186052,0.0625,0.05772495755517837,0.16727272727272746,0.056503014642549365,-0.03710937500000011,0.06030150753768848,0.0,0.05928316629862418
9,0.0568564196661272,-0.010482159037013994,0.043881116476770066,0.07076439332611972,0.10966601985222768,0.06421447717716888,1.6700725115359263,1.6700725115359263,1.5625,1.5,-0.3828415535932228,-4.095160101547785,-0.976748536171715,-1.7819781789582239,-0.2655753432871619,0.20130442446677255,0.6950732356857523,0.6993464052287581,0.1075441412520064,0.13603322949117325,0.03368661340290258,0.05020283975659234,0.682464454976303,0.01388888888888884,-0.07593008338678642
8,0.15029685712805319,0.18381525458763015,0.17735939838106884,0.043108557959728566,0.04668184201207737,0.05644656920658342,-0.6319197405483049,-0.6319197405483049,-0.6341463414634146,-0.625,0.5545111907310036,-0.25344622304537634,57.59919963694872,-3.1576617951928405,0.7802322085980642,0.12076302274394712,0.0070699135899450205,-0.019230769230769273,0.04492753623188395,0.01188299817184646,-0.37412455044482307,-0.09029454369869627,0.0,-0.013698630136986356,0.1349240780911063
7,0.0262947954386763,-0.04707463379290633,0.016371543074780393,0.036645328029092594,0.06903164658634542,0.07158412386589807,0.9754573170731706,0.9754573170731706,1.0,0.9333333333333333,-0.21499528556034486,-4.582931669974482,-0.9757657425516726,-1.2048961119111294,-0.08980095133514732,0.09897879025923029,0.13572542901716056,0.12549019607843137,0.06657420249653256,0.051490514905149,0.019557437370835373,0.04193205944798306,0.13802816901408455,-0.01388888888888895,-0.08073394495412856
6,0.12159379029869855,0.20118339673890917,0.1326029994174327,0.029306056459468266,0.07651559298795663,0.10080744182556023,0.4315687938884174,0.4315687938884174,0.43333333333333335,0.4137931034482758,0.1628905142192576,-1.1772622062198306,45.42214281564116,-7.246523666922023,0.6162869194929885,0.13461996664284004,0.18131868131868112,0.16376306620209058,0.07282184655396606,0.06400343642611683,-0.058288426360805,-0.04024452368823228,0.18316831683168333,-0.014084507042253502,0.16691616766467066
5,0.05996268186882259,0.0192441330309594,0.04544687483839116,0.09865426634996322,0.12249564204585428,0.12633352151940724,0.5638674622810846,0.5638674622810846,0.558139534883721,0.5609756097560976,-0.514799459788465,0.3881309115259062,-0.9649461839377249,-1.207481748094908,-0.0791123691235106,0.389647207055859,0.11104651162790713,0.10479041916167664,0.1212121212121211,0.2951150585385547,0.11171776564468705,0.05891719745222934,0.10041841004184104,0.0,-0.07226854821466744
4,0.12458518785258432,0.19562496098534887,0.12613820659187702,0.012330851255672348,0.11835412972271198,0.05577466402367448,0.3247749238256745,0.3247749238256745,0.31343283582089554,0.328125,1.1889067693880224,-0.1896607171570992,33.08812082693613,-6.886301149034113,0.5056851820577755,0.3117491499811109,0.34275248560962845,0.3604336043360432,0.11675675675675667,0.17019950124688288,0.10044389875330562,-0.005513784461152915,0.35551330798479097,0.0,0.18107090727510178
3,0.031005398671884343,-0.066001425715016,0.010438688701347898,0.03595590594905196,0.11409798514433134,0.023572468756958287,0.048096911921196694,0.048096911921196694,0.045454545454545414,0.04705882352941182,0.3322250930555206,3.184294076793333,-0.9846879562923035,-1.6355414193958695,-0.21344692914705543,0.05221473417429867,0.15042868277474675,0.1812749003984062,0.11229428848015499,-0.05780500799147581,-0.2840835943869887,0.08064516129032273,0.1893408134642356,0.0,-0.09841290490438404
2,0.11162139171023266,0.11044170657416097,0.12960254679304017,0.03002108525556335,0.04573410573546721,0.046874085794426756,-0.6675214417813745,-0.6675214417813745,-0.6630434782608696,-0.6629213483146068,0.7888938617721908,-0.5236463656087353,69.24879433594418,-1.8779634439749588,0.23825296469392865,-0.15420829341727116,-0.12533875338753397,-0.11298482293423273,0.044386422976501194,-0.23975120158326257,-0.3360906311814422,-0.059235074626865725,-0.09551886792452824,-0.014285714285714346,0.07806074597792345
1,0.04790224220771222,-0.569955751596197,0.03761346107799457,0.05710940727449865,0.08862642244880226,0.0798098136518679,1.5688174772649215,1.5688174772649215,1.5483870967741935,1.5333333333333337,-0.6924883731474765,-0.003173299484805492,-0.9888152282721738,-1.602532867424609,-0.11593369536161857,0.028413319957283134,-0.041440743609604924,-0.03041825095057038,0.08666666666666667,-0.015247303830420278,0.07060310581437346,0.038671294000991674,-0.007822685788787531,-0.02898550724637672,-0.5931874456267148
0,0.10848109486178448,0.4097596804150345,0.11852888516941262,0.011108069970473089,0.07057441814549326,0.08894596584112513,-0.21334565705184105,-0.21334565705184105,-0.21518987341772156,-0.21052631578947367,0.43168886700596887,-0.3753542314270377,96.81037785129723,-4.751850913237876,0.49200601644403696,0.13068378488939225,-0.15636363636363626,-0.15294117647058814,0.0690184049079754,0.04078549848942581,0.08222297183336158,-0.03389021479713605,-0.14191852825229967,-0.014925373134328401,0.3943082743872348
