,Assets,Liabilities,Shareholders equity,Revenue,Earnings,Earnings available for common stockholders,EPS basic,EPS diluted,Cash from operating activities,Cash from investing activities,Cash from financing activities,Cash change during period,Cash at end of period,Price,ROE,ROA,Book value of equity per share,P/B ratio,P/E ratio,Equity to assets ratio,Net margin,Asset turnover
85,0.08395284094360989,0.2094364774310018,-0.0007709320316872104,1.12177871610477,1.0025800903031605,1.0025800903031605,1.03125,1.03125,0.17461229178632975,-0.002009823576583747,0.03578230582587594,-1.0512122276879832,0.02039602574867061,-0.019453642384105962,-0.15146579804560267,0.4171597633136095,-0.0010277492291880241,0.024590163934426146,0.03040935672514622,-0.07821135488192932,-0.024605214836577294,-0.16666666666666663
84,0.08395284094360989,0.2094364774310018,-0.0007709320316872104,1.12177871610477,1.0025800903031605,1.0025800903031605,1.03125,1.03125,0.17461229178632975,-0.002009823576583747,0.03578230582587594,-1.0512122276879832,0.02039602574867061,-0.019453642384105962,-0.15146579804560267,0.4171597633136095,-0.0010277492291880241,0.024590163934426146,0.03040935672514622,-0.07821135488192932,-0.024605214836577294,-0.16666666666666663
83,0.09698540044429693,0.16662300710579947,0.0582592605682104,-0.4150398945267073,-0.48335838522654073,-0.5104502183093551,-0.5076923076923077,-0.5076923076923077,0.5039853300733497,0.026310899512351993,-0.07504943262679309,5.927958833619211,0.1384784173895155,0.023638666103841244,-0.15146579804560267,0.4171597633136095,0.058127572016460904,0.024590163934426146,0.03040935672514622,-0.03524709302325579,-0.024605214836577294,-0.16666666666666663
82,0.07081234392248548,0.03974910465129411,-0.0007449017250474865,-0.6997480358490766,-1.002389858686617,-1.0801959207544412,-1.0625,-1.0625,-0.35059255767073627,-0.05452196635316453,-0.01146482938917781,-2.9977717256746717,-0.24299825332771186,-0.052783505154639254,-0.15146579804560267,0.4171597633136095,-0.002430724355858116,-0.10399999999999987,0.03040935672514622,-0.06685499058380417,-0.024605214836577294,-0.16666666666666663
81,0.037535031301880295,0.0935306665326543,-0.0021678297910907585,2.879753558529849,-407.0,-12.799908842297175,-16.0,-16.0,0.6149397952286779,-0.4814145826432593,-0.7264807162534435,-1.4991944478869748,0.16024187452758887,-0.05441880713974745,-0.15146579804560267,0.4171597633136095,-0.0019493177387913674,-0.0535714285714286,0.03040935672514622,-0.038345105953582315,-0.024605214836577294,-0.16666666666666663
80,0.009718613067403847,-0.04406340728780145,0.012532265929732889,0.052978863213229754,0.5462625829942171,0.5911004673799682,0.6000000000000001,0.6000000000000001,-0.18850756448412698,-0.9955089372149423,-2.030744051365983,1.7221946375372394,0.3759643408194755,0.014272559852670508,-0.15146579804560267,0.4171597633136095,0.00634765625,0.018867924528301883,0.03040935672514622,0.002938090241343172,-0.024605214836577294,-0.16666666666666663
79,-0.022664702679995208,-0.07948037807458452,0.010756841886310209,-0.03114138866498517,0.21381905487452957,0.2248494853369587,0.20833333333333326,0.20833333333333326,0.31294531145536864,-280.02,2.996531170607778,1.7989968080255356,0.7647894343384003,-0.024058102587380947,0.24568138195777345,0.4171597633136095,0.010189228529839944,-0.03703703703703709,0.12996594778660597,0.03410755388156517,0.18975903614457823,0.0
78,-0.007236124866945692,-0.040596895685111045,0.014679428332117661,-0.002987905245831257,-0.007341333992658683,-0.007650533158917061,0.0,0.0,-0.9302528588471499,-0.6908067123822267,-0.5360814659967482,-2.05183930142387,-0.5296310416401915,-0.0869767441860465,0.4391371340523882,0.4171597633136095,0.030259365994236287,-0.09615384615384626,-0.264188849824209,0.02205584783488468,0.18354430379746844,0.19999999999999996
77,0.0096856318427192,0.023188770405941472,-0.02565137030896114,-0.010112157918349074,-0.4051884352307781,-0.4223855556443237,-0.4137931034482758,-0.4137931034482758,8.337505214851898,-2.372932873113183,-1.024849139634773,-0.794002849885385,-0.19962776176753128,0.03820682628629646,0.01498929336188426,0.02087682672233826,-0.008857808857808736,0.010638297872340496,-0.28259385665529013,-0.03504256582854881,0.01631016042780753,0.0
76,0.053709060289715005,0.08866579291136656,-0.0019839132464360976,0.028606908804147846,-0.03343533580286684,-0.0358921161825726,-0.02941176470588236,-0.02941176470588236,0.6889688142257171,3.2922889305816136,73.8966065747614,0.7923308270676692,-0.44704073212812245,0.10107948969578029,-0.0770042194092827,-0.08179959100204492,-0.005174035747883443,0.11578947368421066,0.07802093244529029,-0.052728764874846124,-0.07419100236779796,0.0
75,0.06488960221083673,0.0946482735119949,-0.00325444119631213,0.06954590717225217,0.16126237211317362,0.1735528297826554,0.18181818181818188,0.18181818181818188,-0.454044044706038,-0.3276087403127035,-0.17445046193055114,-1.3407165030623374,0.2754527572407244,0.06818181818181812,-0.10971428571428565,-0.13363028953229406,-0.003782505910165379,0.06603773584905648,0.15622241835834072,-0.06411089452025132,-0.13128729752770663,0.0
74,0.07862069167217878,0.19651347354970894,-0.002865746461809926,0.09197419482413416,-0.2571887734603685,-0.2738913847376303,-0.2564102564102565,-0.2564102564102565,1.4112459723332607,0.8890521293124183,0.6517540925968803,-0.6173356316178281,0.08264199106573078,0.028785982478097605,-0.1810012836970475,-0.21850899742930585,-0.0037968675842431354,0.03539823008849563,0.14809160305343516,-0.07544549872714645,-0.22440300948642466,0.0
73,0.04801987334673097,0.0290679558194904,0.016381870322919934,0.09280637421340932,0.7168907433163345,0.7810093017382886,0.7241379310344829,0.7241379310344829,-0.23086738538516416,-0.45505194586205355,-0.16894235162187976,49.36615186615187,3.8446311032517926,-0.0012165450121655041,0.11598746081504707,0.046052631578947345,0.0076226774654597484,0.0,0.21276595744680837,-0.030287859824780994,0.04301982285955286,0.0
72,0.018115220226021522,0.03498779256323825,-0.0039000674497966514,0.008230111714100374,-0.32644014401440147,-0.3428335105754461,-0.33999999999999997,-0.33999999999999997,0.1664119345273085,-0.6243866706239699,-0.9583632672184913,-0.5339917464130115,0.3698175955874152,-0.01218026796589533,-0.002808988764045006,-0.05031446540880502,-0.004728132387706752,-0.017094017094017144,-0.11677631578947367,-0.02168301497160563,-0.06025070764253937,0.0
71,0.023179833826221685,0.04393153119375426,-0.012568412254648886,0.06458438908139641,0.054922660608692775,0.05911967779056382,0.06060606060606055,0.030303030303030276,-0.03564788890133275,-0.33792303424622994,8.24231057764441,1.969951198113725,0.8018149384534534,0.0275380189066996,-0.023943661971830843,-0.06291390728476831,0.002850356294536782,0.034782608695652195,0.027932960893854775,-0.034828496042216384,-0.08304647160068845,0.0
70,-0.014639177220744037,0.03132944370023649,-0.008513127847422308,-0.00597592903503863,0.013490831934636072,-0.13493141382588614,-0.11428571428571421,-0.11764705882352955,-0.5747848606965752,1.6899520073131713,-2.6402110389610387,-2.5726233775824827,-0.6998237664679761,-0.009599999999999942,0.015873015873015817,0.028268551236749095,-0.012316437707247663,-0.01680672268907568,0.024154589371980784,0.006287588846364045,-0.023463162834350126,0.08333333333333348
69,0.0042492028281249095,0.011755885967554391,-0.0020743667617394435,0.029988092772830877,-0.04712058244539574,0.11350969463851168,0.06451612903225823,0.10000000000000009,0.31763806194351885,-0.7984952753155297,-0.8699486326791175,-1.0807602902157833,0.1882826292236317,0.06744749596122768,-0.10511363636363646,-0.10652920962199319,0.0019184652278176895,0.08547008547008561,0.060141509433962126,-0.0062483020918228105,-0.13214800576645847,0.0
68,0.03266115513029044,0.028616241366257622,-0.0015428542345858887,-0.00841281210339151,-0.05394326938842431,-0.057983785689108225,-0.030303030303030276,-0.06060606060606066,0.5717602188873228,5.717605171929167,-7.840943683409437,0.6226195667974996,0.2571030416105218,0.10594021944759735,-0.004761904761904634,-0.019230769230769273,0.0019147917663953073,0.10236220472440927,0.25027808676307006,-0.03335155822854019,-0.02823920265780744,0.0
67,0.0010752884179143773,0.009450547500535533,-0.004327583649339717,0.04534826989729002,-0.061559792027729654,-0.050963517305893324,-0.0625,-0.032258064516129115,0.1655193332278313,-0.26558991310654556,-1.1794192902436311,-2.4808726034760795,-0.302868450706806,-0.02189531303455361,-0.03189792663476887,-0.04313725490196063,0.005255613951266058,-0.02142857142857124,-0.006227758007117501,-0.005373303167420795,-0.051851851851851816,0.0
66,0.01009693502737119,0.011661570850676872,-0.03123639235573239,-0.18851982058431327,0.396838295043215,0.4073650593384064,0.4666666666666668,0.43333333333333335,-0.1361069937428575,-0.5402051087266166,-0.08909970238095233,-1.400435584863426,0.17396903829474075,-0.05736271423574679,0.10708401976935744,0.03688524590163933,-0.01093155893536124,-0.06569343065693434,-0.027305282005371523,-0.04094398635200458,0.13341346153846145,0.0
65,-0.017460611870540044,-0.041159218345133364,0.0017522192203782705,0.21771314181568302,0.5700988947062247,0.6040061633281972,0.6136363636363635,0.6046511627906976,0.0059593975114604625,-3.8327378616715886,10.47015179361514,2.4341290225109535,0.5088993865580083,0.01595547309833023,0.2589285714285714,0.22529644268774707,0.0014416146083613413,0.03125,-0.08007363092498854,0.01956715090423944,0.24072110286320259,0.0
64,0.01446225140775681,-0.04552440636660815,0.020985702693555375,-0.05114552982671372,-0.6947354238943717,-0.7217535586411667,-0.7183098591549295,-0.7246376811594203,-0.3704055725538702,-2.2516914059082556,-1.338007691029506,-2.4600206770638566,-0.4924142945108425,0.023739956172388776,-0.07092198581560272,-0.0741935483870968,0.011996161228406965,0.022727272727272707,-0.18959479739869933,0.006397208490840356,-0.06965811965811974,-0.07692307692307698
63,0.01382824544678507,0.08168085765239574,-0.06290950510477178,-0.02922029646964519,0.48698002868807233,0.3691544786893479,0.3500000000000001,0.368421052631579,0.00407395152618073,-1.2468328994041482,-1.557455624418421,-1.8916141862777593,0.8763501366579458,0.031038173385658174,-0.008905852417302906,-0.0034843205574912606,-0.06353722143195828,0.014814814814814836,0.10802469135802473,-0.07570066454781854,-0.0022967386311437687,0.0
62,0.07224508169052712,0.1540398784672159,0.026635170096348304,-0.020037691370274446,-0.08466589989982565,-0.004309554373739255,-0.03703703703703709,0.03846153846153855,1.0147467715692131,-9.397234414082778,-9.041447513464142,-1.0118283203785063,-0.005452647649908826,0.09757785467128022,-0.10269576379974321,-0.11188811188811199,0.025316455696202445,0.17518248175182483,0.1253481894150419,-0.04251328540168808,-0.12615101289134445,0.0
61,0.0363961276695568,0.07269735984401837,-0.0035784609238704856,0.12967694586770673,-0.32787483279964336,-0.3185836633207477,-0.3076923076923077,-0.37037037037037035,-0.3124348306107011,-0.587967672498581,-0.7111395716814715,4.615714285714286,-0.030788389542442673,0.10308953341740246,-0.36051502145922754,-0.35433070866141725,-0.012839506172839577,0.07453416149068315,0.2287128712871287,-0.03852432255958227,-0.36722866174920965,0.0
60,0.058890248831434455,0.10445276063056719,-0.008919535830456127,-0.0036994483911910736,0.1401519720178508,0.15703763767822143,0.16666666666666674,0.17647058823529416,-0.15493837255980614,0.7262676896845695,1.5346901143004352,0.7781734927499364,-0.056486217847705356,-0.0648756787653616,0.029082774049216997,-0.03658536585365857,-0.009504752376187975,-0.052023121387283267,0.4810636583400483,-0.06383701188455004,-0.0016652789342214147,-0.08333333333333326
59,0.04801375734404689,0.07423091712838237,0.0017036576699120953,0.06582903650393046,0.695176134560457,0.7675640950767972,0.7619047619047619,0.7499999999999998,0.9051690770259333,0.07080999075515382,-0.1368934583638688,-0.9457796852646638,-0.003246058052193912,0.10024449877750619,0.10869565217391308,0.006329113924050667,-0.002020202020201922,0.10975609756097571,0.08813928182807396,-0.044250997461008246,0.06755629691409504,0.0
58,0.026567389679586606,0.0014617253879818382,0.01944344636962736,-0.10896793161463558,0.8076695060688321,0.8552831560166523,0.8378378378378379,0.8857142857142859,-0.42748831797277576,-0.7872799654659696,-1.0764735048032228,17.432717678100264,-0.06002852772860845,0.07222222222222219,0.4058823529411766,0.30817610062893075,0.007591093117408798,0.0714285714285714,-0.025249999999999995,-0.007210626185958358,0.3890625000000001,0.0
57,0.02632573987273723,0.0255177118645753,0.013592517682539995,0.09587839255402342,-0.1927538233161874,-0.19888873058840295,-0.20588235294117652,-0.21212121212121215,-0.23214775385111708,0.25768797155493894,-7.897479536429208,-9.358001717721157,0.5337593242650285,0.00984455958549213,0.24825662482566235,0.1923076923076923,0.012054244098443023,0.00512820512820511,-0.2754552449345986,-0.012232415902140636,0.24353205849268833,0.0
56,0.01056996371061003,0.010962278965978234,0.0042258634889054125,-0.0005627298780558343,-0.12782517587187547,-0.13289169482482666,-0.12962962962962976,-0.13461538461538458,-0.28764993802911576,1.255971425419241,0.21104949005968887,-1.4935689941598589,-0.1717655753631222,0.031041559774243277,0.13631284916201114,0.1088709677419355,-0.008436724565756726,0.015306122448979664,-0.17769911504424774,-0.006191950464396467,0.1361374943464495,0.0
55,0.03198281014152138,0.04534549496663609,0.013259157925306964,0.018255483900927016,-0.28735688543479865,-0.3004922319643132,-0.31914893617021267,-0.3111111111111111,2.325715128280743,0.3102973989057676,-0.06718734840399732,-0.7540858461431694,-0.05099955383486132,0.09878079124160233,-0.03048180924287125,-0.040000000000000036,0.009509509509509684,0.11055276381909551,-0.04003443822643138,-0.01830218068535816,-0.015923566878980777,-0.09090909090909083
54,-0.0049000641727312555,-0.03906498447557105,0.11182158860084934,-0.11028263273705696,3.856990505022705,4.099651823346161,4.125,4.0,-0.09973841720239418,-2.8196598940959667,-5.016631130063966,-15.252292930718216,0.7659222748815167,0.03238224637681175,0.44421906693711977,0.45833333333333326,0.08527516113039169,0.02262443438914019,0.053811659192825045,0.11741372471241585,0.4983818770226538,0.0
53,0.035401034789075414,0.06827235386959618,0.012056051795674927,0.16297829262666896,-0.8046719505889519,-0.8319438854711666,-0.8353658536585366,-0.832258064516129,-0.4868458636618831,-1.792382734882767,-1.4287053413054567,-1.8951250420767083,-0.3882369106968795,0.15617459969291514,-0.1172752808988764,-0.09090909090909083,0.006852444038373706,0.06637168141592942,-0.20723404255319156,-0.022719204827831074,-0.09854211663066959,0.0
52,0.04157029616970842,0.05428747576326565,0.019976776346523284,-0.006831466616716186,1.7324582079268955,2.0933544303797467,2.0740740740740735,2.076923076923077,1.0700589262749767,0.0812503842333292,0.6834806139275296,-1.6622609580480683,0.4202838532161608,-0.04667046101309047,0.10421638822593482,0.1142857142857141,0.015426497277676976,-0.05394190871369309,0.04938271604938271,-0.020704685797311995,0.1323749625636419,0.0
51,0.032985677104986344,0.03688056686487684,0.04164356000192093,0.04117089081559633,-0.556925404429817,-0.5857745213243934,-0.5903614457831325,-0.5875,-0.4331188339143981,-0.1572532378923176,-0.3621193203019605,-1.801776976134409,-0.2372581482122118,0.08159203980099505,-0.033141210374639685,-0.01025641025641022,0.030831099195710587,0.06578947368421062,-0.04808184143222516,0.00853115727002951,-0.007405448294102057,0.0
50,-0.11412085014160711,-0.1334143702065903,0.05150879243220885,-0.03878632888462663,1.628418246622937,1.7947134799586157,1.7647058823529407,1.727272727272727,0.8772756268707984,-1.157247912960418,-1.7786539921815676,-1.4254707548741876,0.1323467477014586,0.08114075436982504,-0.23397913561847994,-0.18911917098445596,0.03294321629822261,0.04938271604938249,0.0741536808167651,0.18683339463037885,-0.23554489741540108,0.0
49,0.03924488404876603,-0.04189637114330347,0.21079063275820764,-0.06877476928193327,-0.7073443108654778,-0.7405001313621056,-0.7446808510638299,-0.7444444444444445,-0.5124203849404466,-4.6619094932707075,-2.379533781685003,3.1640556153921473,0.48668768560850983,0.0330156569094624,-0.08463035019455256,-0.006389776357827559,0.10490977759127151,0.0,0.32616308154077056,0.16516888751162084,0.010805158591843833,0.0
48,-0.031205321841833333,-0.0645698275888752,0.03381797750067861,0.02038605534293203,3.6051319990654935,4.126092959042798,3.708333333333333,3.782608695652174,0.35132237312365966,-0.44483362521891423,-1.071790253072424,-1.4214919757803774,-0.13798120222617372,-0.05799011532125209,0.09670563230605733,0.21543408360128624,0.03114318268135219,-0.14901960784313717,-0.045643153526971014,0.06702127659574475,0.20275862068965522,0.0
47,0.04496258764267824,0.10209766229547146,-0.004062925756383007,-0.02991273507863179,-0.38183294016183444,-0.37916330011670707,-0.38053097345132747,-0.3727272727272728,0.12873578418407838,1.0553938774603457,-12.242815463165572,-3.0315481171548115,0.32518484783540513,-0.054739419377404785,0.08624031007751953,0.17195767195767186,0.0044198895027625085,-0.08294930875576034,-0.16561264822134392,-0.046859421734795625,0.19495412844036708,0.0
46,0.028206141767912474,0.037449881681191455,0.02328191906454702,-0.014287088705022155,0.3294898098755301,0.34840575518762207,0.32857142857142874,0.318840579710145,-0.7234139769199226,0.05383613538474852,-0.42504492698149077,-2.0514066812209086,-0.2580028908453196,0.1206290471785385,-0.02408563782337203,0.011286681715575675,0.035203520352035333,0.11557788944723635,-0.017527238275698798,-0.004707112970711358,0.05878119001919391,0.0
45,0.05877544939326551,0.13341401300696654,-0.026454149710269936,0.0766068029866771,-0.5583082130474593,-0.5819794314148141,-0.5698924731182795,-0.5714285714285714,1.645035581158929,0.2888131073562217,1.4769867867257935,-1.4752987267384916,0.16526809067131643,-0.14413075780089146,0.05210237659963424,0.029017857142857206,-0.02727594757350338,-0.1711711711711712,-0.1470588235294117,-0.08066211245402,0.04509404033537279,-0.10000000000000009
44,0.03089220358697986,0.04539370941415255,0.008087083781459503,0.18592409596228587,0.7939765210099692,0.8744740892765521,0.875,0.8717948717948716,0.043366856703606516,-0.4204317119267881,-0.24832132216948044,1.2841795801736455,0.32396149949341435,0.061728395061728225,-0.12250217202432656,-0.158351409978308,0.008011653313911182,0.08695652173913038,0.006783493499151971,-0.022006287510717315,-0.16890719861231573,0.11111111111111116
43,-0.07682477350231975,-0.07425913939936257,-0.006011955341656217,-0.223622664226776,-0.634492787493995,-0.6688108174688985,-0.6666666666666667,-0.6712328767123288,0.7257336689587426,0.6708499244816697,-0.5730787178725751,-1.647416852108017,-0.15841709467116005,-0.11518895348837199,-0.1633663366336634,-0.16237113402061853,-0.010838150289017356,-0.12,0.005053340819764163,0.07685563997662181,-0.1594051656665797,-0.10000000000000009
42,-0.0022096750698090695,0.03985610920656901,-0.06719611079977761,0.02627773162251157,-8.012610564455969,-9.321087648249927,-9.24,-9.583333333333334,-0.45756214701827724,-0.008090362237854198,0.7999148271701326,0.1518495810341305,-0.21682078256368642,-0.4568788501026695,-1.2899408284023668,-1.2,-0.06683710737764781,-0.44886363636363635,-0.34916201117318424,-0.06512890094979651,0.0,0.0
41,-0.05323633787879123,-0.16787715398930303,0.1470923503453332,-0.007411627139987442,-0.3768159990274147,-0.3923878388176518,-0.3980582524271845,-0.3980582524271845,0.013707389857187335,-1.0631506128654098,-1.3598880082022162,-1.6301535582940834,0.1744560945984568,-0.3357277882797731,2.420408163265306,3.4923076923076923,-0.22778864970645796,-0.2886597938144331,0.0,0.2113207547169813,0.0,0.11111111111111116
40,-0.004005100583182153,-0.003960226431704905,-0.004768704983605154,-0.10970283152801019,-1.236002731174405,-1.1402697180220678,-1.096774193548387,-1.096774193548387,-0.040792559644156845,-2.2379796654640867,0.5708055750350631,-2.9734558578851713,-0.29314114287669724,-0.013659647125782715,0.22911694510739844,0.27054794520547953,-0.005068423720223092,0.2753623188405798,0.0,-0.0007189072609632419,0.0,-0.10000000000000009
39,-0.00174024232678327,-0.019549805403615284,0.018716596164388033,0.06897604668521407,1.633601983880967,2.6586644913180284,2.5833333333333335,2.5833333333333335,0.4689138829401549,-6.393949027711545,1.3979687216618535,-0.8540150719223835,-0.060541348853721755,0.20830929024812472,-0.15436893203883495,-0.1725067385444744,0.018339276617422184,0.21590909090909105,0.0,0.02062350119904055,0.0,0.0
38,-0.004555039772940583,0.007820416532551278,0.005118899106782315,0.03728060431015323,-1.136456371625863,-1.1222965440356745,-1.1162790697674418,-1.1162790697674418,-0.6092686342712172,-1.2263555992141453,-1.0037583486537431,-2.1122167925366506,0.0716743677390912,0.14947468958930266,-0.8025258323765787,-0.8664495114006514,-0.014507253626813377,0.12149532710280364,0.0,0.009633458646616688,0.0,0.0
37,0.009867496994281355,0.030343279151521463,-0.013743462620611546,-0.033388818172916834,-0.9405788767490895,-0.4208881364761037,-0.4,-0.4,1.058495167024121,6.952610337195678,103.30340557275542,-3.69851413963892,-0.18047860489717849,0.0677191524719567,-2.354651162790698,-4.341463414634147,-0.12487309644670053,0.08333333333333348,0.0,-0.023272050267628575,-0.6638733705772812,0.0
36,0.021784735763417995,-0.08684017170460334,0.15578922682705598,0.004216470826580165,-12.598387096774193,-1.651450416010794,-1.6666666666666667,-1.6666666666666667,-0.3622636123599515,-0.1889856590923974,0.8032947462154942,-2.8102427471876847,0.3986596170520702,0.01789883268482484,-0.22746781115879844,-0.23357664233576636,0.07830626450116007,0.1692307692307693,3.7776824034334764,0.05551584465094095,-0.22437673130193891,0.0
35,0.00902748898299044,0.025152049791030695,-0.005984177065995744,0.0004917474687613499,0.5195383117786121,1.2903003106662063,1.0,1.0,1.1504375265761029,-0.7292356345041044,-1.412728589534673,-1.6231071136549469,-0.17760407198691142,-0.06307339449541283,-1.05,-0.9047619047619048,-0.006993006993006978,-0.13157894736842102,0.1900826446280992,-0.015124153498871196,0.0,0.0
34,0.034977341913487336,0.07185023419521719,-0.003169949836144159,-0.0029112264959418876,-0.11952045392147892,-0.2642049736247174,-0.25,-0.25,-0.5636916160186496,4.330757187942646,-4.808590400606194,-1.577067422512663,0.124623092792854,0.18971848225214183,-4.666666666666667,2.8,-0.009750812567713929,0.19696969696969702,0.0,-0.03713041485216606,-0.8130952380952381,0.0
33,0.0064924293645847175,0.013593049747287589,-0.005417796064290825,0.04761302880543994,0.26057582371894816,0.6020073740270382,0.6666666666666667,0.6666666666666667,0.47235473714340226,-0.7860988742046011,-0.9600779069828322,-0.7634164089503366,0.026216586703221356,0.16975308641975295,1.1818181818181817,0.4473684210526314,-0.006564551422319487,0.18354430379746844,7.582427536231885,-0.012139966674601266,1.210191082802548,0.0
32,2.926079568906863,2.7800345099135373,3.345959647952059,1.0263319820471986,-12.859251319261213,-20.36721646848229,-10.799999999999999,-10.799999999999999,-2.279083707291785,12.090225563909774,114.11724590163935,40.91791618608227,0.28123618791313487,0.014365288771621243,-4.180555555555555,-2.581818181818182,0.6519823788546255,0.021390374331550666,-0.5652770448548813,0.13903614457831326,0.0,-0.33333333333333337
31,-0.018816244902178925,-0.005682701707540816,-0.02931053942093731,0.4926808791876178,-1.4578005826363252,-1.3659842478098119,-1.2448979591836735,-1.2448979591836735,-2.5474073511158397,-0.7469503616945117,-1.0129589903493972,-1.202442480635797,-0.16920346655525442,-0.11271676300578037,-0.5633187772925764,-0.6436781609195402,-0.029000000000000026,-0.46596858638743455,0.0,-0.012058387983922114,0.0,0.0
30,-0.030168013325542198,-0.05119298460892463,-0.01946417203109485,0.057511772202643474,-2.329759283165009,-2.802005916732809,-2.5833333333333335,-2.5833333333333335,-0.16416749881316806,-4.720289750185864,61.47920879120879,-0.07853841971728892,-0.18766868589935826,-0.14820846905537466,0.7399999999999998,1.129032258064516,-0.02162718846549949,-0.11764705882352944,0.0,0.01027837259100628,0.0,0.16666666666666674
29,0.041265496730764406,0.07904886769640851,0.004100240095642915,-0.05689051334423434,-3.4324333584595355,-3.0262272763674223,-3.3157894736842106,-3.3157894736842106,-0.30045927710371434,-0.6877557661223291,-0.88712834229866,-5.121837893649974,0.9522468081239492,0.2271510516252393,-1.028735632183908,-1.2575757575757576,0.001052631578947416,0.2555555555555553,0.0,-0.035608308605341255,-0.899135446685879,0.0
28,-0.015671010687872466,-0.004979782141777744,-0.018274552028025193,0.04136270557368649,-0.9909427690053949,-1.0401161986443492,-1.0454545454545454,-1.0454545454545454,0.24126828585427318,-0.9248701581889546,0.983968685332469,-1.2988417310812101,-0.14576593664905624,0.038641321283888974,21.8,3.0,-0.01962846126883988,0.03539823008849563,0.0,-0.003516483516483482,19.857142857142854,0.0
27,0.005660947136609584,0.010943776763660429,0.0010973514385677063,-0.016597279298240175,-19.77708657335407,4.729802955665025,4.0,4.0,1.4049058306078717,-18.919562759140597,-0.33075714734527173,1.7031833150384195,-0.46126941637633634,0.02910291029102896,-0.6754385964912281,-0.5294117647058822,0.0007150518412584184,0.05128205128205132,-0.6034636238569232,-0.004411116012351113,-0.6821917808219178,0.0
26,-0.04431195060039361,-0.06006790353579017,-0.030614128775131477,-0.07627537321447753,5.029844565307418,3.9157890211924515,4.0,4.0,-0.5772710006893544,-3.429468706747496,5.812815698056521,-0.5763679186078277,-0.3627203074822364,0.007288629737609353,-2.7027027027027026,-1.4375,-0.03608431582708105,0.0,1.711938775510204,0.012848914488258645,0.0,0.0
25,-0.11844851061757455,-0.197390906527528,-0.04347090527160535,0.03714665020590058,-2.3041202891848704,-2.1604813039980413,-2.16,-2.1399999999999997,0.432596734114306,3.8738025808149725,2.1170922491121544,-12.930513437205898,6.790487054855669,0.1296671490593344,-0.7777777777777778,-1.8571428571428572,-0.07746478873239437,0.17886178861788626,0.0,0.12664041994750663,0.0,0.0
24,-0.001567207950356142,-0.10581912210534494,0.10387504254695368,-0.14500546252058633,-0.9919284904275899,-1.0057155559574404,-1.0,-1.0,-0.42366424035929995,-1.1409552111112768,-0.9894281931061314,-1.5842313698508068,-0.5092384501864753,0.03279528567768386,-0.3571428571428572,0.08333333333333348,0.10405785456006433,0.11724137931034484,0.0,0.10638710929916506,0.0,0.0
23,0.031283322838649985,0.0834739568418783,-0.0033576034249540587,0.02553435969809814,-3.348412353197042,3.9663810151615033,-inf,-inf,0.7289192239479765,0.8934388627025938,-15.915816326530612,-0.34056534186805354,-0.6842620075553156,-0.06747705284048622,-3.333333333333333,0.9230769230769231,-0.003639010189228631,-0.154320987654321,0.0,-0.033514651693279496,-0.34482758620689646,0.0
22,-0.008763211165288554,-0.012366211315747888,-0.0030491322933684506,-0.04643118658251677,-12.333950731616966,-8.838731085744623,-7.0,-6.0,0.186983214174697,-1.8882697182048607,-2.223864276762358,-2.400806124422233,3.035803209716253,0.02021814312317094,10.238095238095239,4.64,-0.0051132213294375894,0.021897810218977964,1.8859540203935734,0.005628177196804529,10.855263157894736,0.0
21,0.003371315521981666,-0.022504067486903923,-0.010219632798338374,0.05965466552579035,-0.8888580206562949,-0.9209915844015104,-0.9166666666666666,-0.9,-0.5270228687778657,-1.7750077182002655,-1.3028187083058427,-1.8181200532703905,-0.6154045067589167,0.02268578878748362,-0.8305084745762712,-0.8156028368794326,-0.010279001468428639,0.028571428571428692,-0.9213298565840938,-0.01354035024372624,-0.820754716981132,0.0
20,-0.021236376273222946,-0.030229863396676104,5.224362032807406e-05,0.058449625243281345,10.936479929422143,14.58401200171453,14.0,12.0,2.2338496463325166,-1.63333185078327,-4.654587544634752,-1.2598604434180445,0.41581165358999606,0.050229474757776726,1.375,1.2692307692307692,0.001112759643916883,0.0625,6.584852502485913,0.02342606149341142,1.3003095975232197,0.0
19,-0.002463951566831879,0.008183090485039068,-0.009699785082889822,-0.09767240686041179,0.6988790342448878,0.8736849343326687,0.8000000000000003,0.7692307692307692,-0.3797228868732959,-2.263555950450822,-1.6784660034197376,-0.4340280872410588,0.16622106219641242,-0.033017722748239886,1.1263157894736842,1.0,-0.01000370507595405,-0.0326797385620915,-0.6044092905368497,-0.007331902718168748,1.1332436069986538,0.0
18,0.07253707746265459,0.07038199142174495,0.03983660539455758,0.08602653010591332,1.974926585215531,1.9990751954200152,2.0370370370370368,2.869565217391304,0.7511024007839295,-1.2782198530317932,-1.9601009299714418,-0.12685593449113652,0.12444890486374516,0.018830027617373846,1.2722772277227725,1.1864406779661016,0.01571856287425155,0.027027027027026973,-0.5231151615575809,-0.030264817150063128,1.229652996845426,0.0
17,-0.01384301313068681,-0.09089272925869307,0.04575604366180874,0.026575582491433103,-0.15455278865769573,-0.15516789889601057,-0.18292682926829262,-0.2696629213483146,-0.6786966904955193,-2.740107351306281,-0.8984571383173116,-5.088295158838534,-0.4524739657591277,0.09314933464760977,0.5185185185185184,0.5232558139534884,0.022107590272660183,0.07236842105263142,-0.5921936529997683,0.060561025450492245,0.5229202037351444,0.0
16,0.24121673059953563,0.3703303491285801,0.006553416143840973,0.10274885653358456,-0.5908682065060713,-0.5937498189486857,-0.5970149253731343,-0.5846153846153845,2.3650223225236715,23.358848808828593,-150.07467217475667,-2.0020985763711643,0.8281314286011885,-0.08137962128043286,0.04734576757532283,-0.012722646310432628,0.0064888248017305195,-0.09815950920245398,-0.3907980687304743,-0.18899982483797517,0.040876997398736625,0.0
15,-0.005792060646538921,-0.0010559787228212603,-0.005382526017876366,0.13757337324942598,0.8366239659521695,0.8466842555618939,0.8148148148148147,0.8148148148148147,0.07132677496838058,-1.0421769610744978,-1.1129778982710397,-1.255276331346062,-0.11563848728723025,-0.033619631901840474,0.09589041095890427,0.04639175257731942,-0.005730659025787954,-0.04081632653061229,-0.10023310023310017,0.0004319654427646924,0.02677615137450906,0.0
14,-0.0007825431420391826,-0.019679950323335804,0.0024853792176779965,0.10777924363871838,-0.5396316900057548,-0.5429629429413196,-0.5102040816326531,-0.5918367346938775,0.06691820390166225,0.09880243884664908,0.08715300553555938,0.14192451714623577,-0.14931724397857182,0.045454545454545414,-0.26,-0.2857142857142856,0.0014409221902016434,0.049645390070921946,-0.07253886010362709,0.0032383419689119286,-0.31728094575799726,0.0
13,-0.0006058015974446107,0.0047166121046891,-0.0024048374907579273,-0.05737086851544071,0.7478228259510813,0.7576523068864425,0.6666666666666667,0.95,-0.15091120713021577,0.5148957430628018,-0.12953907212776827,-3.2793993916251374,0.40009466828233875,-0.03449113432110762,-0.15878378378378388,-0.19655172413793098,-0.003597122302158362,-0.03378378378378377,0.3793296089385476,-0.0017215407789972215,-0.210593328240387,0.0
12,-0.020073274428389687,-0.04389862344232398,0.005435101653759267,-0.006836549562922678,0.32112239546083066,0.3236958099605367,0.30000000000000004,0.33333333333333326,0.17107071769256765,0.650261071077294,0.8080373710656998,-1.3550734925277075,-0.10146671823485343,0.18465408805031447,0.18473895582329325,0.19313304721030033,0.002527075812274404,0.18881118881118875,0.41271769947347114,0.026083207587842328,0.14161290322580644,0.1428571428571428
11,0.004627441143924882,0.011396946136132069,0.005911831895059061,0.17007248964137145,0.013884126909653904,0.014060417672841163,0.019230769230769162,0.0,0.3434630765727773,-1.314664747163191,-0.7843015874567351,-2.1434854462096173,0.12912789980163808,0.09704820556381377,0.02033898305084736,0.02517985611510798,0.0028808066258552145,0.09411764705882364,-0.07425458715596345,0.0012605042016806678,-0.02599604408024858,0.0
10,-0.020664098718057744,-0.06451018922027307,0.012967892044194018,-0.11986119094760594,0.5740693278657012,0.577550983867791,0.5849056603773584,0.6153846153846152,0.0025637353193928014,-3.9333910374945904,1.5013820986753,9.074733676775683,1.1521539773939007,-0.037553232675183845,0.3588039867109636,0.3789473684210527,0.011490125673249585,-0.037634408602150615,-0.05543511923196032,0.03441040704993692,0.37800986364955014,0.0
9,-0.014379338108925332,0.030084061862692302,-0.016290619735828238,0.014577941188328003,-0.5365662815441986,-0.5386220062241935,-0.5476190476190477,-0.5476190476190477,-0.1600022857469392,-0.891767866244113,0.6685279044770351,-1.9520842395579783,-0.5096975657611146,0.031576830249396615,-0.006112469437652868,0.007633587786259666,-0.018104366347177936,0.016759776536312776,-0.259344262295082,-0.002028397565922768,-0.012842105263157877,0.0
8,0.01125062795661158,0.011823946199645219,0.006810192293725814,0.21779688629987848,0.3107808070112088,0.31334038523037555,0.3157894736842106,0.3157894736842106,0.11216744048935068,-5.018464425443022,-0.6411956165071031,-0.6974995564865962,-0.31446660047646835,0.08364203548449978,-0.008610086100860892,-0.002525252525252597,0.003976861894432471,0.10439560439560425,0.08853474988933163,-0.0044715447154471955,-0.06696523779057362,0.125
7,-0.01645898834824555,-0.09725368032320503,0.04690786793770396,-0.21314620658511085,2.268195981639286,2.2824160963201883,2.3,2.26,0.5678040401054119,-3.2573185721019775,1.7937852822411178,-3.389009841333601,1.0958821318277967,0.09823677581863977,0.48263027295285355,0.5164556962025317,0.04681310767014768,0.09452736318407973,0.10817405449369666,0.06472029399754997,0.56,0.0
6,-0.005836451221835737,-0.028802438310812195,0.005623288741565702,0.028277882277225386,-0.6572634706051876,-0.6627380400767846,-0.6545454545454545,-0.6625766871165644,-0.4685338444256957,-0.60695835797272,-0.21859565598313224,-1.409184455833098,-0.2139518854421989,0.06913499344692009,-0.0912133891213388,-0.07345575959933226,0.0041279669762641635,0.0181818181818183,-0.2851376146788991,0.012272291466922436,-0.0811721611721612,0.0
5,0.006458719704081295,0.010025768110761168,0.003129454644371199,0.11894076996783465,0.22098735069095943,0.23818418692790555,0.21052631578947367,0.23636363636363633,0.06823416418654582,-0.2459345253760099,-0.23614463026935284,-1.090836620644313,0.024724524992953745,-0.054091326999693656,0.08195211786371992,0.09909909909909898,0.0030832476875641834,-0.05803571428571441,0.03542094455852163,-0.0034097366925553985,0.07271567533088819,0.0
4,-0.0056823242921613115,-0.009830231734394679,-0.0026469898900356448,-0.10434566989977745,-0.08517385363304275,-0.08551743362976971,-0.08695652173913038,-0.08823529411764708,0.21401267319701867,-3.229892929106689,-0.9913805096689511,5.30878494526373,0.15221818864481262,0.035315081807872906,0.02468085106382989,0.04262295081967227,-0.0030737704918032405,0.0331753554502372,-0.057015369360436385,0.0030412469112335305,0.09677419354838723,0.0
3,0.29709911052079585,0.19061393442082908,0.4087348779332125,0.09843612178806205,0.03495821022532852,0.03506758594308024,-0.04761904761904767,-0.032258064516129115,0.18092942405709667,0.35050910121782675,66.56654970760233,-4.617730994822963,-0.4779341833544891,0.0176811140666564,-0.3504983388704318,-0.33018867924528306,0.1952723535457348,0.022935779816513735,-0.017350157728706517,0.08754974417282546,-0.3048251558687991,-0.11111111111111105
2,0.003906694029360391,-0.01665803229755458,0.012141930412332469,0.1826599573290819,0.719373497855311,0.7224674818461361,0.5833333333333333,0.5666666666666667,0.05781375450874182,-0.9569436578758055,0.5337185430348939,-1.2707200279068291,0.2478353328833438,-0.045510455104551206,0.11508951406649603,0.14084507042253525,0.010604757810260823,-0.2017937219730942,0.35580524344569286,0.00818958006621373,0.14252290894911268,0.0
1,-0.0006651107157373826,-0.0038619216192790073,0.0016319781247660092,-0.04340682827707121,-0.41720563154198576,-0.4182607850236687,-0.42105263157894735,-0.4148936170212765,-0.06556705391010142,-9.107206337920877,0.6898805896029434,-2.3592116437754416,-0.269956028104788,0.040753865979381354,-0.09174311926605494,-0.07201646090534974,0.0011344299489506326,0.028089887640449396,-0.10220994475138123,0.0024196335983408535,-0.03839590443686003,0.0
0,0.008195381384592748,0.028744791057897512,-0.00016454376848573649,0.023728971623673045,0.10538063842362266,0.11015510867404132,0.1090909090909089,0.09090909090909083,0.02766743312979636,-1.487763015303278,-0.618951316664752,-2.6176502273070046,0.5981755168704936,0.1923850797090234,-0.046717171717171824,-0.03104212860310418,-0.0008498583569402918,0.1912568306010929,0.24967032967032976,-0.008448275862068977,-0.02590949423247546,0.0
